,,Symbol,Name,Composition,agg_state,Ref,label,DfGm [kJ/mol],sigma DfGm [kJ/mol],DfGm_Ref,DfHm [kJ/mol],sigma DfHm [kJ/mol],DfHm_Ref,Sm [J/(K mol)],sigma Sm [J/(K mol)],Sm_Ref,Cpm [J/(K mol)],sigma Cpm [J/(K mol)],Cpm_Ref,Vm [cm3/mol],sigma Vm [cm3/mol],Vm_Ref,Cpf(T)_coefs ,a0,a0_e,a1*T,a1_e,a2*T^-2,a2_e,a3*T^-0.5,a3_e,a4*T^2,a4_e,a5*T^3,a6*T^4,a8*T-1,Tmin,Tmax,
,,CH4(g),CH4(g),C|-4|H4,g,2024MIR,recommended,-50.53,0.2,1991GUR/VEY,-74.6,0.2,1991GUR/VEY,186.371,0.1,1998CHA,35.69,0,1998CHA,24789.71,,,,-0.703029,,0.108477,,678565,,,,-0.0000425216,,0.00000000586279,,,298,1300,35.648
,,CO2(g),CO2(g),C|+4|O2,g,2024MIR,recommended,-394.373,0.133,1989COX/WAG,-393.51,0.13,1989COX/WAG,213.785,0.01,1989COX/WAG,37.135,0.002,1998CHA,24789.71,,,,24.9974,,0.055187,,-136638,,,,-0.0000336914,,0.00000000794839,,,298,1200,37.13
,,H2(g),H2(g),H|0|2,g,2024MIR,recommended,0,,1989COX/WAG,0,,1989COX/WAG,130.68,0.003,1989COX/WAG,28.836,0.002,1998CHA,24789.71,,,,33.0662,,-0.0113634,,-158558,,,,0.0000114328,,-0.00000000277287,,,298,1000,28.837
,,H2S(g),H2S(g),H2S|-2|,g,2024MIR,recommended,-33.443,0.5,1989COX/WAG,-20.6,0.5,1989COX/WAG,205.81,0.05,1989COX/WAG,34.248,0.01,1998CHA,24789.71,,,,26.8841,,0.0186781,,135882,,,,0.0000034342,,-0.0000000033787,,,298,1400,34.197
,,H2Se(g),H2Se(g),H2Se|-2|,g,2024MIR,recommended,15.217,2,2004OLI/NOL,29,2,2004OLI/NOL,219,0.1,2004OLI/NOL,34.7,0.1,2004OLI/NOL,24789.71,,,,23.203,,0.0323156,,146472,,,,-0.0000088922,,0,,305.5,298,1500,34.72
,,Hg(g),Hg(g),Hg|0|,g,2024MIR,recommended,31.842,0.054,1989COX/WAG,61.38,0.04,1989COX/WAG,174.971,0.005,1989COX/WAG,20.786,0.001,1998CHA,24789.71,,,,20.6724,,0.000179353,,7013,,,,-0.00000008012,,1.0547E-11,,0,630,6000,20.798
,,N2(g),N2(g),N|0|2,g,2024MIR,recommended,0,,1989COX/WAG,0,,1989COX/WAG,191.609,0.004,1989COX/WAG,29.124,0.001,1989GUR/VEY,24789.71,,,,50.575,,-0.0709304,,183782,,,,0.000115127,,-0.0000000800338,2.09501E-11,-3174.86,200,1000,29.124
,,O2(g),O2(g),O|0|2,g,2024MIR,recommended,0,,1989COX/WAG,0,,1989COX/WAG,205.152,0.005,1989COX/WAG,29.378,0.003,1998CHA,24789.71,,,,31.3223,,-0.0202353,,-7374,,,,0.0000578664,,-0.0000000365062,0,0,100,700,29.383
,,H2O(g),H2O(g),H2O,g,2024MIR,recommended,-228.584,0.04,1989COX/WAG,-241.826,0.04,1989COX/WAG,188.835,0.01,1989COX/WAG,33.59,0.02,1995ROB/HEM,24789.71,,PV=nRT,,27.057,,0.017584,,276960,,-27.656,,-0.0000025097,,,,,298,2500,33.59
