[
  {"_key":"Al;0:ELEMENT;1001:WORK1","_id":"elements/Al;0:ELEMENT;1001:WORK1","_rev":"_bghZkFe---","_type":"vertex","_label":"element","properties":{"symbol":"Al","isotope_mass":0,"name":"Al","atomic_mass":{"values":[26.9815]},"class_":{"0":"ELEMENT"},"entropy":{"values":[28.3],"units":["J/(K*mol)"]},"heat_capacity":{"values":[24.2],"units":["J/(K*mol)"]},"valences":{"values":[3]},"number":13,"sourcetdb":{"1001":"WORK1"},"time_stamp":{"year":2020,"month":12,"day":3,"hour":14,"minute":47,"second":28}}},
  {"_key":"Am;0:ELEMENT;1001:WORK1","_id":"elements/Am;0:ELEMENT;1001:WORK1","_rev":"_bghZkG----","_type":"vertex","_label":"element","properties":{"symbol":"Am","isotope_mass":0,"name":"Am","atomic_mass":{"values":[243.061]},"class_":{"0":"ELEMENT"},"entropy":{"values":[55.4],"units":["J/(K*mol)"]},"valences":{"values":[3]},"number":95,"sourcetdb":{"1001":"WORK1"},"time_stamp":{"year":2020,"month":12,"day":3,"hour":14,"minute":47,"second":28}}},
  {"_key":"As;0:ELEMENT;1001:WORK1","_id":"elements/As;0:ELEMENT;1001:WORK1","_rev":"_bghZkGm---","_type":"vertex","_label":"element","properties":{"symbol":"As","isotope_mass":0,"name":"As","atomic_mass":{"values":[74.9216]},"class_":{"0":"ELEMENT"},"entropy":{"values":[35.1],"units":["J/(K*mol)"]},"heat_capacity":{"values":[24.64],"units":["J/(K*mol)"]},"valences":{"values":[5]},"number":33,"sourcetdb":{"1001":"WORK1"},"time_stamp":{"year":2020,"month":12,"day":3,"hour":14,"minute":47,"second":28}}},
  {"_key":"B;0:ELEMENT;1001:WORK1","_id":"elements/B;0:ELEMENT;1001:WORK1","_rev":"_bghZkHa---","_type":"vertex","_label":"element","properties":{"symbol":"B","isotope_mass":0,"name":"B","atomic_mass":{"values":[10.812]},"class_":{"0":"ELEMENT"},"entropy":{"values":[5.9],"units":["J/(K*mol)"]},"heat_capacity":{"values":[11.087],"units":["J/(K*mol)"]},"valences":{"values":[3]},"number":5,"sourcetdb":{"1001":"WORK1"},"time_stamp":{"year":2020,"month":12,"day":3,"hour":14,"minute":47,"second":28}}},
  {"_key":"Ba;0:ELEMENT;1001:WORK1","_id":"elements/Ba;0:ELEMENT;1001:WORK1","_rev":"_bghZkI----","_type":"vertex","_label":"element","properties":{"symbol":"Ba","isotope_mass":0,"name":"Ba","atomic_mass":{"values":[137.328]},"class_":{"0":"ELEMENT"},"entropy":{"values":[62.42],"units":["J/(K*mol)"]},"valences":{"values":[2]},"number":56,"sourcetdb":{"1001":"WORK1"},"time_stamp":{"year":2020,"month":12,"day":3,"hour":14,"minute":47,"second":28}}},
  {"_key":"Br;0:ELEMENT;1001:WORK1","_id":"elements/Br;0:ELEMENT;1001:WORK1","_rev":"_bghZkIi---","_type":"vertex","_label":"element","properties":{"symbol":"Br","isotope_mass":0,"name":"Br","atomic_mass":{"values":[79.904]},"class_":{"0":"ELEMENT"},"entropy":{"values":[76.105],"units":["J/(K*mol)"]},"heat_capacity":{"values":[37.845],"units":["J/(K*mol)"]},"valences":{"values":[-1]},"number":35,"sourcetdb":{"1001":"WORK1"},"time_stamp":{"year":2020,"month":12,"day":3,"hour":14,"minute":47,"second":28}}},
  {"_key":"C;0:ELEMENT;1001:WORK1","_id":"elements/C;0:ELEMENT;1001:WORK1","_rev":"_bghZkJS---","_type":"vertex","_label":"element","properties":{"symbol":"C","isotope_mass":0,"name":"C","atomic_mass":{"values":[12.0108]},"class_":{"0":"ELEMENT"},"entropy":{"values":[5.74],"units":["J/(K*mol)"]},"heat_capacity":{"values":[8.517],"units":["J/(K*mol)"]},"valences":{"values":[4]},"number":6,"sourcetdb":{"1001":"WORK1"},"time_stamp":{"year":2020,"month":12,"day":3,"hour":14,"minute":47,"second":28}}},
  {"_key":"Ca;0:ELEMENT;1001:WORK1","_id":"elements/Ca;0:ELEMENT;1001:WORK1","_rev":"_bghZkJ2---","_type":"vertex","_label":"element","properties":{"symbol":"Ca","isotope_mass":0,"name":"Ca","atomic_mass":{"values":[40.078]},"class_":{"0":"ELEMENT"},"entropy":{"values":[41.59],"units":["J/(K*mol)"]},"heat_capacity":{"values":[25.929],"units":["J/(K*mol)"]},"valences":{"values":[2]},"number":20,"sourcetdb":{"1001":"WORK1"},"time_stamp":{"year":2020,"month":12,"day":3,"hour":14,"minute":47,"second":28}}},
  {"_key":"Cl;0:ELEMENT;1001:WORK1","_id":"elements/Cl;0:ELEMENT;1001:WORK1","_rev":"_bghZkKW---","_type":"vertex","_label":"element","properties":{"symbol":"Cl","isotope_mass":0,"name":"Cl","atomic_mass":{"values":[35.453]},"class_":{"0":"ELEMENT"},"entropy":{"values":[111.54],"units":["J/(K*mol)"]},"heat_capacity":{"values":[16.974],"units":["J/(K*mol)"]},"valences":{"values":[-1]},"number":17,"sourcetdb":{"1001":"WORK1"},"time_stamp":{"year":2020,"month":12,"day":3,"hour":14,"minute":47,"second":28}}},
  {"_key":"Cm;0:ELEMENT;1001:WORK1","_id":"elements/Cm;0:ELEMENT;1001:WORK1","_rev":"_bghZkLG---","_type":"vertex","_label":"element","properties":{"symbol":"Cm","isotope_mass":0,"name":"Cm","atomic_mass":{"values":[247]},"class_":{"0":"ELEMENT"},"entropy":{"values":[70.8],"units":["J/(K*mol)"]},"valences":{"values":[3]},"number":96,"sourcetdb":{"1001":"WORK1"},"time_stamp":{"year":2020,"month":12,"day":3,"hour":14,"minute":47,"second":28}}},
  {"_key":"Cs;0:ELEMENT;1001:WORK1","_id":"elements/Cs;0:ELEMENT;1001:WORK1","_rev":"_bghZkLu---","_type":"vertex","_label":"element","properties":{"symbol":"Cs","isotope_mass":0,"name":"Cs","atomic_mass":{"values":[132.905]},"class_":{"0":"ELEMENT"},"entropy":{"values":[85.23],"units":["J/(K*mol)"]},"heat_capacity":{"values":[32.21],"units":["J/(K*mol)"]},"valences":{"values":[1]},"number":55,"sourcetdb":{"1001":"WORK1"},"time_stamp":{"year":2020,"month":12,"day":3,"hour":14,"minute":47,"second":28}}},
  {"_key":"Cu;0:ELEMENT;1001:WORK1","_id":"elements/Cu;0:ELEMENT;1001:WORK1","_rev":"_bghZkMO---","_type":"vertex","_label":"element","properties":{"symbol":"Cu","isotope_mass":0,"name":"Cu","atomic_mass":{"values":[63.546]},"class_":{"0":"ELEMENT"},"entropy":{"values":[33.15],"units":["J/(K*mol)"]},"heat_capacity":{"values":[24.44],"units":["J/(K*mol)"]},"valences":{"values":[2]},"number":29,"sourcetdb":{"1001":"WORK1"},"time_stamp":{"year":2020,"month":12,"day":3,"hour":14,"minute":47,"second":28}}},
  {"_key":"Eu;0:ELEMENT;1001:WORK1","_id":"elements/Eu;0:ELEMENT;1001:WORK1","_rev":"_bghZkNC---","_type":"vertex","_label":"element","properties":{"symbol":"Eu","isotope_mass":0,"name":"Eu","atomic_mass":{"values":[151.964]},"class_":{"0":"ELEMENT"},"entropy":{"values":[77.8],"units":["J/(K*mol)"]},"heat_capacity":{"values":[27.65],"units":["J/(K*mol)"]},"valences":{"values":[3]},"number":63,"sourcetdb":{"1001":"WORK1"},"time_stamp":{"year":2020,"month":12,"day":3,"hour":14,"minute":47,"second":28}}},
  {"_key":"F;0:ELEMENT;1001:WORK1","_id":"elements/F;0:ELEMENT;1001:WORK1","_rev":"_bghZkNi---","_type":"vertex","_label":"element","properties":{"symbol":"F","isotope_mass":0,"name":"F","atomic_mass":{"values":[18.9984]},"class_":{"0":"ELEMENT"},"entropy":{"values":[101.395],"units":["J/(K*mol)"]},"heat_capacity":{"values":[15.652],"units":["J/(K*mol)"]},"valences":{"values":[-1]},"number":9,"sourcetdb":{"1001":"WORK1"},"time_stamp":{"year":2020,"month":12,"day":3,"hour":14,"minute":47,"second":28}}},
  {"_key":"Fe;0:ELEMENT;1001:WORK1","_id":"elements/Fe;0:ELEMENT;1001:WORK1","_rev":"_bghZkOK---","_type":"vertex","_label":"element","properties":{"symbol":"Fe","isotope_mass":0,"name":"Fe","atomic_mass":{"values":[55.845]},"class_":{"0":"ELEMENT"},"entropy":{"values":[27.085],"units":["J/(K*mol)"]},"heat_capacity":{"values":[25.084],"units":["J/(K*mol)"]},"valences":{"values":[2]},"number":26,"sourcetdb":{"1001":"WORK1"},"time_stamp":{"year":2020,"month":12,"day":3,"hour":14,"minute":47,"second":28}}},
  {"_key":"H;0:ELEMENT;1001:WORK1","_id":"elements/H;0:ELEMENT;1001:WORK1","_rev":"_bghZkP----","_type":"vertex","_label":"element","properties":{"symbol":"H","isotope_mass":0,"name":"H","atomic_mass":{"values":[1.00795]},"class_":{"0":"ELEMENT"},"entropy":{"values":[65.34],"units":["J/(K*mol)"]},"heat_capacity":{"values":[14.418],"units":["J/(K*mol)"]},"valences":{"values":[1]},"number":1,"sourcetdb":{"1001":"WORK1"},"time_stamp":{"year":2020,"month":12,"day":3,"hour":14,"minute":47,"second":28}}},
  {"_key":"I;0:ELEMENT;1001:WORK1","_id":"elements/I;0:ELEMENT;1001:WORK1","_rev":"_bghZkPi---","_type":"vertex","_label":"element","properties":{"symbol":"I","isotope_mass":0,"name":"I","atomic_mass":{"values":[126.904]},"class_":{"0":"ELEMENT"},"entropy":{"values":[58.07],"units":["J/(K*mol)"]},"heat_capacity":{"values":[27.219],"units":["J/(K*mol)"]},"valences":{"values":[-1]},"number":53,"sourcetdb":{"1001":"WORK1"},"time_stamp":{"year":2020,"month":12,"day":3,"hour":14,"minute":47,"second":28}}},
  {"_key":"K;0:ELEMENT;1001:WORK1","_id":"elements/K;0:ELEMENT;1001:WORK1","_rev":"_bghZkQG---","_type":"vertex","_label":"element","properties":{"symbol":"K","isotope_mass":0,"name":"K","atomic_mass":{"values":[39.0983]},"class_":{"0":"ELEMENT"},"entropy":{"values":[64.68],"units":["J/(K*mol)"]},"heat_capacity":{"values":[29.6],"units":["J/(K*mol)"]},"valences":{"values":[1]},"number":19,"sourcetdb":{"1001":"WORK1"},"time_stamp":{"year":2020,"month":12,"day":3,"hour":14,"minute":47,"second":28}}},
  {"_key":"Li;0:ELEMENT;1001:WORK1","_id":"elements/Li;0:ELEMENT;1001:WORK1","_rev":"_bghZkQ2---","_type":"vertex","_label":"element","properties":{"symbol":"Li","isotope_mass":0,"name":"Li","atomic_mass":{"values":[6.941]},"class_":{"0":"ELEMENT"},"entropy":{"values":[29.12],"units":["J/(K*mol)"]},"heat_capacity":{"values":[24.86],"units":["J/(K*mol)"]},"valences":{"values":[1]},"number":3,"sourcetdb":{"1001":"WORK1"},"time_stamp":{"year":2020,"month":12,"day":3,"hour":14,"minute":47,"second":28}}},
  {"_key":"Mg;0:ELEMENT;1001:WORK1","_id":"elements/Mg;0:ELEMENT;1001:WORK1","_rev":"_bghZkRa---","_type":"vertex","_label":"element","properties":{"symbol":"Mg","isotope_mass":0,"name":"Mg","atomic_mass":{"values":[24.305]},"class_":{"0":"ELEMENT"},"entropy":{"values":[32.67],"units":["J/(K*mol)"]},"heat_capacity":{"values":[24.869],"units":["J/(K*mol)"]},"valences":{"values":[2]},"number":12,"sourcetdb":{"1001":"WORK1"},"time_stamp":{"year":2020,"month":12,"day":3,"hour":14,"minute":47,"second":28}}},
  {"_key":"Mn;0:ELEMENT;1001:WORK1","_id":"elements/Mn;0:ELEMENT;1001:WORK1","_rev":"_bghZkR6---","_type":"vertex","_label":"element","properties":{"symbol":"Mn","isotope_mass":0,"name":"Mn","atomic_mass":{"values":[54.938]},"class_":{"0":"ELEMENT"},"entropy":{"values":[32.01],"units":["J/(K*mol)"]},"heat_capacity":{"values":[26.32],"units":["J/(K*mol)"]},"valences":{"values":[2]},"number":25,"sourcetdb":{"1001":"WORK1"},"time_stamp":{"year":2020,"month":12,"day":3,"hour":14,"minute":47,"second":28}}},
  {"_key":"Mo;0:ELEMENT;1001:WORK1","_id":"elements/Mo;0:ELEMENT;1001:WORK1","_rev":"_bghZkSu---","_type":"vertex","_label":"element","properties":{"symbol":"Mo","isotope_mass":0,"name":"Mo","atomic_mass":{"values":[95.94]},"class_":{"0":"ELEMENT"},"entropy":{"values":[28.581],"units":["J/(K*mol)"]},"heat_capacity":{"values":[24.06],"units":["J/(K*mol)"]},"valences":{"values":[6]},"number":42,"sourcetdb":{"1001":"WORK1"},"time_stamp":{"year":2020,"month":12,"day":3,"hour":14,"minute":47,"second":28}}},
  {"_key":"N;0:ELEMENT;1001:WORK1","_id":"elements/N;0:ELEMENT;1001:WORK1","_rev":"_bghZkTS---","_type":"vertex","_label":"element","properties":{"symbol":"N","isotope_mass":0,"name":"N","atomic_mass":{"values":[14.0067]},"class_":{"0":"ELEMENT"},"entropy":{"values":[95.805],"units":["J/(K*mol)"]},"heat_capacity":{"values":[14.562],"units":["J/(K*mol)"]},"valences":{"values":[5]},"number":7,"sourcetdb":{"1001":"WORK1"},"time_stamp":{"year":2020,"month":12,"day":3,"hour":14,"minute":47,"second":28}}},
  {"_key":"Na;0:ELEMENT;1001:WORK1","_id":"elements/Na;0:ELEMENT;1001:WORK1","_rev":"_bghZkT2---","_type":"vertex","_label":"element","properties":{"symbol":"Na","isotope_mass":0,"name":"Na","atomic_mass":{"values":[22.9898]},"class_":{"0":"ELEMENT"},"entropy":{"values":[51.3],"units":["J/(K*mol)"]},"heat_capacity":{"values":[28.23],"units":["J/(K*mol)"]},"valences":{"values":[1]},"number":11,"sourcetdb":{"1001":"WORK1"},"time_stamp":{"year":2020,"month":12,"day":3,"hour":14,"minute":47,"second":28}}},
  {"_key":"Nb;0:ELEMENT;1001:WORK1","_id":"elements/Nb;0:ELEMENT;1001:WORK1","_rev":"_bghZkUm---","_type":"vertex","_label":"element","properties":{"symbol":"Nb","isotope_mass":0,"name":"Nb","atomic_mass":{"values":[92.906]},"class_":{"0":"ELEMENT"},"entropy":{"values":[36.4],"units":["J/(K*mol)"]},"heat_capacity":{"values":[24.6],"units":["J/(K*mol)"]},"valences":{"values":[5]},"number":41,"sourcetdb":{"1001":"WORK1"},"time_stamp":{"year":2020,"month":12,"day":3,"hour":14,"minute":47,"second":28}}},
  {"_key":"Ni;0:ELEMENT;1001:WORK1","_id":"elements/Ni;0:ELEMENT;1001:WORK1","_rev":"_bghZkVK---","_type":"vertex","_label":"element","properties":{"symbol":"Ni","isotope_mass":0,"name":"Ni","atomic_mass":{"values":[58.693]},"class_":{"0":"ELEMENT"},"entropy":{"values":[29.87],"units":["J/(K*mol)"]},"heat_capacity":{"values":[26.07],"units":["J/(K*mol)"]},"valences":{"values":[2]},"number":28,"sourcetdb":{"1001":"WORK1"},"time_stamp":{"year":2020,"month":12,"day":3,"hour":14,"minute":47,"second":28}}},
  {"_key":"Np;0:ELEMENT;1001:WORK1","_id":"elements/Np;0:ELEMENT;1001:WORK1","_rev":"_bghZkVq---","_type":"vertex","_label":"element","properties":{"symbol":"Np","isotope_mass":0,"name":"Np","atomic_mass":{"values":[237.048]},"class_":{"0":"ELEMENT"},"entropy":{"values":[50.46],"units":["J/(K*mol)"]},"heat_capacity":{"values":[29.62],"units":["J/(K*mol)"]},"valences":{"values":[6]},"number":93,"sourcetdb":{"1001":"WORK1"},"time_stamp":{"year":2020,"month":12,"day":3,"hour":14,"minute":47,"second":29}}},
  {"_key":"O;0:ELEMENT;1001:WORK1","_id":"elements/O;0:ELEMENT;1001:WORK1","_rev":"_bghZkWe---","_type":"vertex","_label":"element","properties":{"symbol":"O","isotope_mass":0,"name":"O","atomic_mass":{"values":[15.9994]},"class_":{"0":"ELEMENT"},"entropy":{"values":[102.576],"units":["J/(K*mol)"]},"heat_capacity":{"values":[14.689],"units":["J/(K*mol)"]},"valences":{"values":[-2]},"number":8,"sourcetdb":{"1001":"WORK1"},"time_stamp":{"year":2020,"month":12,"day":3,"hour":14,"minute":47,"second":29}}},
  {"_key":"P;0:ELEMENT;1001:WORK1","_id":"elements/P;0:ELEMENT;1001:WORK1","_rev":"_bghZkX----","_type":"vertex","_label":"element","properties":{"symbol":"P","isotope_mass":0,"name":"P","atomic_mass":{"values":[30.9738]},"class_":{"0":"ELEMENT"},"entropy":{"values":[41.09],"units":["J/(K*mol)"]},"heat_capacity":{"values":[23.824],"units":["J/(K*mol)"]},"valences":{"values":[5]},"number":15,"sourcetdb":{"1001":"WORK1"},"time_stamp":{"year":2020,"month":12,"day":3,"hour":14,"minute":47,"second":29}}},
  {"_key":"Pd;0:ELEMENT;1001:WORK1","_id":"elements/Pd;0:ELEMENT;1001:WORK1","_rev":"_bghZkXm---","_type":"vertex","_label":"element","properties":{"symbol":"Pd","isotope_mass":0,"name":"Pd","atomic_mass":{"values":[106.42]},"class_":{"0":"ELEMENT"},"entropy":{"values":[37.8],"units":["J/(K*mol)"]},"heat_capacity":{"values":[25.9],"units":["J/(K*mol)"]},"valences":{"values":[2]},"number":46,"sourcetdb":{"1001":"WORK1"},"time_stamp":{"year":2020,"month":12,"day":3,"hour":14,"minute":47,"second":29}}},
  {"_key":"Pu;0:ELEMENT;1001:WORK1","_id":"elements/Pu;0:ELEMENT;1001:WORK1","_rev":"_bghZkYK---","_type":"vertex","_label":"element","properties":{"symbol":"Pu","isotope_mass":0,"name":"Pu","atomic_mass":{"values":[244.064]},"class_":{"0":"ELEMENT"},"entropy":{"values":[54.46],"units":["J/(K*mol)"]},"heat_capacity":{"values":[31.49],"units":["J/(K*mol)"]},"valences":{"values":[6]},"number":94,"sourcetdb":{"1001":"WORK1"},"time_stamp":{"year":2020,"month":12,"day":3,"hour":14,"minute":47,"second":29}}},
  {"_key":"Ra;0:ELEMENT;1001:WORK1","_id":"elements/Ra;0:ELEMENT;1001:WORK1","_rev":"_bghZkYq---","_type":"vertex","_label":"element","properties":{"symbol":"Ra","isotope_mass":0,"name":"Ra","atomic_mass":{"values":[226.025]},"class_":{"0":"ELEMENT"},"entropy":{"values":[71],"units":["J/(K*mol)"]},"valences":{"values":[2]},"number":88,"sourcetdb":{"1001":"WORK1"},"time_stamp":{"year":2020,"month":12,"day":3,"hour":14,"minute":47,"second":29}}},
  {"_key":"S;0:ELEMENT;1001:WORK1","_id":"elements/S;0:ELEMENT;1001:WORK1","_rev":"_bghZkZK---","_type":"vertex","_label":"element","properties":{"symbol":"S","isotope_mass":0,"name":"S","atomic_mass":{"values":[32.067]},"class_":{"0":"ELEMENT"},"entropy":{"values":[32.054],"units":["J/(K*mol)"]},"heat_capacity":{"values":[22.75],"units":["J/(K*mol)"]},"valences":{"values":[6]},"number":16,"sourcetdb":{"1001":"WORK1"},"time_stamp":{"year":2020,"month":12,"day":3,"hour":14,"minute":47,"second":29}}},
  {"_key":"Se;0:ELEMENT;1001:WORK1","_id":"elements/Se;0:ELEMENT;1001:WORK1","_rev":"_bghZkZy---","_type":"vertex","_label":"element","properties":{"symbol":"Se","isotope_mass":0,"name":"Se","atomic_mass":{"values":[78.96]},"class_":{"0":"ELEMENT"},"entropy":{"values":[42.09],"units":["J/(K*mol)"]},"heat_capacity":{"values":[25.09],"units":["J/(K*mol)"]},"valences":{"values":[4]},"number":34,"sourcetdb":{"1001":"WORK1"},"time_stamp":{"year":2020,"month":12,"day":3,"hour":14,"minute":47,"second":29}}},
  {"_key":"Si;0:ELEMENT;1001:WORK1","_id":"elements/Si;0:ELEMENT;1001:WORK1","_rev":"_bghZkai---","_type":"vertex","_label":"element","properties":{"symbol":"Si","isotope_mass":0,"name":"Si","atomic_mass":{"values":[28.0855]},"class_":{"0":"ELEMENT"},"entropy":{"values":[18.81],"units":["J/(K*mol)"]},"heat_capacity":{"values":[19.789],"units":["J/(K*mol)"]},"valences":{"values":[4]},"number":14,"sourcetdb":{"1001":"WORK1"},"time_stamp":{"year":2020,"month":12,"day":3,"hour":14,"minute":47,"second":29}}},
  {"_key":"Sn;0:ELEMENT;1001:WORK1","_id":"elements/Sn;0:ELEMENT;1001:WORK1","_rev":"_bghZkbG---","_type":"vertex","_label":"element","properties":{"symbol":"Sn","isotope_mass":0,"name":"Sn","atomic_mass":{"values":[118.711]},"class_":{"0":"ELEMENT"},"entropy":{"values":[51.18],"units":["J/(K*mol)"]},"heat_capacity":{"values":[27.11],"units":["J/(K*mol)"]},"valences":{"values":[2]},"number":50,"sourcetdb":{"1001":"WORK1"},"time_stamp":{"year":2020,"month":12,"day":3,"hour":14,"minute":47,"second":29}}},
  {"_key":"Sr;0:ELEMENT;1001:WORK1","_id":"elements/Sr;0:ELEMENT;1001:WORK1","_rev":"_bghZkbq---","_type":"vertex","_label":"element","properties":{"symbol":"Sr","isotope_mass":0,"name":"Sr","atomic_mass":{"values":[87.65]},"class_":{"0":"ELEMENT"},"entropy":{"values":[55.7],"units":["J/(K*mol)"]},"valences":{"values":[2]},"number":38,"sourcetdb":{"1001":"WORK1"},"time_stamp":{"year":2020,"month":12,"day":3,"hour":14,"minute":47,"second":29}}},
  {"_key":"Tc;0:ELEMENT;1001:WORK1","_id":"elements/Tc;0:ELEMENT;1001:WORK1","_rev":"_bghZkcW---","_type":"vertex","_label":"element","properties":{"symbol":"Tc","isotope_mass":0,"name":"Tc","atomic_mass":{"values":[97.907]},"class_":{"0":"ELEMENT"},"entropy":{"values":[32.5],"units":["J/(K*mol)"]},"heat_capacity":{"values":[24.9],"units":["J/(K*mol)"]},"valences":{"values":[7]},"number":43,"sourcetdb":{"1001":"WORK1"},"time_stamp":{"year":2020,"month":12,"day":3,"hour":14,"minute":47,"second":29}}},
  {"_key":"Th;0:ELEMENT;1001:WORK1","_id":"elements/Th;0:ELEMENT;1001:WORK1","_rev":"_bghZkc6---","_type":"vertex","_label":"element","properties":{"symbol":"Th","isotope_mass":0,"name":"Th","atomic_mass":{"values":[232.038]},"class_":{"0":"ELEMENT"},"entropy":{"values":[52.64],"units":["J/(K*mol)"]},"heat_capacity":{"values":[26.23],"units":["J/(K*mol)"]},"valences":{"values":[4]},"number":90,"sourcetdb":{"1001":"WORK1"},"time_stamp":{"year":2020,"month":12,"day":3,"hour":14,"minute":47,"second":29}}},
  {"_key":"U;0:ELEMENT;1001:WORK1","_id":"elements/U;0:ELEMENT;1001:WORK1","_rev":"_bghZkdi---","_type":"vertex","_label":"element","properties":{"symbol":"U","isotope_mass":0,"name":"U","atomic_mass":{"values":[238.029]},"class_":{"0":"ELEMENT"},"entropy":{"values":[50.2],"units":["J/(K*mol)"]},"heat_capacity":{"values":[27.66],"units":["J/(K*mol)"]},"valences":{"values":[6]},"number":92,"sourcetdb":{"1001":"WORK1"},"time_stamp":{"year":2020,"month":12,"day":3,"hour":14,"minute":47,"second":29}}},
  {"_key":"Zr;0:ELEMENT;1001:WORK1","_id":"elements/Zr;0:ELEMENT;1001:WORK1","_rev":"_bghZkeW---","_type":"vertex","_label":"element","properties":{"symbol":"Zr","isotope_mass":0,"name":"Zr","atomic_mass":{"values":[91.224]},"class_":{"0":"ELEMENT"},"entropy":{"values":[39.08],"units":["J/(K*mol)"]},"heat_capacity":{"values":[26.08],"units":["J/(K*mol)"]},"valences":{"values":[4]},"number":40,"sourcetdb":{"1001":"WORK1"},"time_stamp":{"year":2020,"month":12,"day":3,"hour":14,"minute":47,"second":29}}},
  {"_key":"Zn;0:ELEMENT;1001:WORK1","_id":"elements/Zn;0:ELEMENT;1001:WORK1","_rev":"_bghZke6---","_type":"vertex","_label":"element","properties":{"symbol":"Zn","isotope_mass":0,"name":"Zn","atomic_mass":{"values":[65.38]},"class_":{"0":"ELEMENT"},"entropy":{"values":[41.63],"errors":[0.15],"units":["J/(K*mol)"]},"heat_capacity":{"values":[25.39],"errors":[0.04],"units":["J/(K*mol)"]},"valences":{"values":[2]},"number":30,"sourcetdb":{"1001":"WORK1"},"time_stamp":{"year":2020,"month":12,"day":3,"hour":14,"minute":47,"second":29}}},
  {"_key":"Cd;0:ELEMENT;1001:WORK1","_id":"elements/Cd;0:ELEMENT;1001:WORK1","_rev":"_bghZkfe---","_type":"vertex","_label":"element","properties":{"symbol":"Cd","isotope_mass":0,"name":"Cd","atomic_mass":{"values":[112.414]},"class_":{"0":"ELEMENT"},"entropy":{"values":[51.8],"errors":[0.15],"units":["J/(K*mol)"]},"heat_capacity":{"values":[26.02],"errors":[0.04],"units":["J/(K*mol)"]},"valences":{"values":[2]},"number":48,"sourcetdb":{"1001":"WORK1"},"time_stamp":{"year":2020,"month":12,"day":3,"hour":14,"minute":47,"second":29}}},
  {"_key":"Cf;0:ELEMENT;1001:WORK1","_id":"elements/Cf;0:ELEMENT;1001:WORK1","_rev":"_bghZkgK---","_type":"vertex","_label":"element","properties":{"symbol":"Cf","isotope_mass":0,"name":"Cf","atomic_mass":{"values":[251]},"class_":{"0":"ELEMENT"},"entropy":{"values":[81],"errors":[5],"units":["J/(K*mol)"]},"valences":{"values":[3]},"number":98,"sourcetdb":{"1001":"WORK1"},"time_stamp":{"year":2020,"month":12,"day":3,"hour":14,"minute":47,"second":29}}},
  {"_key":"Pa;0:ELEMENT;1001:WORK1","_id":"elements/Pa;0:ELEMENT;1001:WORK1","_rev":"_bghZkgu---","_type":"vertex","_label":"element","properties":{"symbol":"Pa","isotope_mass":0,"name":"Pa","atomic_mass":{"values":[231.036]},"class_":{"0":"ELEMENT"},"entropy":{"values":[51.6],"errors":[0.8],"units":["J/(K*mol)"]},"heat_capacity":{"values":[28.2],"errors":[0.4],"units":["J/(K*mol)"]},"valences":{"values":[5]},"number":46,"sourcetdb":{"1001":"WORK1"},"time_stamp":{"year":2020,"month":12,"day":3,"hour":14,"minute":47,"second":29}}},
  {"_key":"Ti;0:ELEMENT;1001:WORK1","_id":"elements/Ti;0:ELEMENT;1001:WORK1","_rev":"_bghZkhS---","_type":"vertex","_label":"element","properties":{"symbol":"Ti","isotope_mass":0,"name":"Ti","atomic_mass":{"values":[47.867]},"class_":{"0":"ELEMENT"},"entropy":{"values":[30.72],"units":["J/(K*mol)"]},"valences":{"values":[4]},"number":22,"sourcetdb":{"1001":"WORK1"},"time_stamp":{"year":2020,"month":12,"day":3,"hour":14,"minute":47,"second":29}}},
  {"_key":"Ac;0:ELEMENT;1001:WORK1","_id":"elements/Ac;0:ELEMENT;1001:WORK1","_rev":"_bghZkiK---","_type":"vertex","_label":"element","properties":{"symbol":"Ac","isotope_mass":0,"name":"Ac","atomic_mass":{"values":[227]},"class_":{"0":"ELEMENT"},"entropy":{"values":[61.9],"units":["J/(K*mol)"]},"heat_capacity":{"values":[26],"units":["J/(K*mol)"]},"valences":{"values":[3]},"number":89,"sourcetdb":{"1001":"WORK1"},"time_stamp":{"year":2020,"month":12,"day":3,"hour":14,"minute":47,"second":29}}},
  {"_key":"Ag;0:ELEMENT;1001:WORK1","_id":"elements/Ag;0:ELEMENT;1001:WORK1","_rev":"_bghZkiu---","_type":"vertex","_label":"element","properties":{"symbol":"Ag","isotope_mass":0,"name":"Ag","atomic_mass":{"values":[107.868]},"class_":{"0":"ELEMENT"},"entropy":{"values":[42.55],"units":["J/(K*mol)"]},"heat_capacity":{"values":[25.35],"units":["J/(K*mol)"]},"valences":{"values":[1]},"number":47,"sourcetdb":{"1001":"WORK1"},"time_stamp":{"year":2020,"month":12,"day":3,"hour":14,"minute":47,"second":29}}},
  {"_key":"Po;0:ELEMENT;1001:WORK1","_id":"elements/Po;0:ELEMENT;1001:WORK1","_rev":"_bghZkjS---","_type":"vertex","_label":"element","properties":{"symbol":"Po","isotope_mass":0,"name":"Po","atomic_mass":{"values":[209]},"class_":{"0":"ELEMENT"},"entropy":{"values":[62.8],"units":["J/(K*mol)"]},"valences":{"values":[4]},"number":84,"sourcetdb":{"1001":"WORK1"},"time_stamp":{"year":2020,"month":12,"day":3,"hour":14,"minute":47,"second":29}}},
  {"_key":"Pb;0:ELEMENT;1001:WORK1","_id":"elements/Pb;0:ELEMENT;1001:WORK1","_rev":"_bghZkkK---","_type":"vertex","_label":"element","properties":{"symbol":"Pb","isotope_mass":0,"name":"Pb","atomic_mass":{"values":[207.2]},"class_":{"0":"ELEMENT"},"entropy":{"values":[64.8],"errors":[0.3],"units":["J/(K*mol)"]},"heat_capacity":{"values":[26.65],"errors":[0.1],"units":["J/(K*mol)"]},"valences":{"values":[2]},"number":82,"sourcetdb":{"1001":"WORK1"},"time_stamp":{"year":2020,"month":12,"day":3,"hour":14,"minute":47,"second":29}}},
  {"_key":"Hg;0:ELEMENT;1001:WORK1","_id":"elements/Hg;0:ELEMENT;1001:WORK1","_rev":"_bghZkku---","_type":"vertex","_label":"element","properties":{"symbol":"Hg","isotope_mass":0,"name":"Hg","atomic_mass":{"values":[200.592]},"class_":{"0":"ELEMENT"},"entropy":{"values":[75.9],"units":["J/(K*mol)"]},"valences":{"values":[2]},"number":80,"sourcetdb":{"1001":"WORK1"},"time_stamp":{"year":2020,"month":12,"day":3,"hour":14,"minute":47,"second":29}}},
  {"_key":"Sm;0:ELEMENT;1001:WORK1","_id":"elements/Sm;0:ELEMENT;1001:WORK1","_rev":"_bghZklW---","_type":"vertex","_label":"element","properties":{"symbol":"Sm","isotope_mass":0,"name":"Sm","atomic_mass":{"values":[150.36]},"class_":{"0":"ELEMENT"},"entropy":{"values":[69.64],"units":["J/(K*mol)"]},"heat_capacity":{"values":[29.53],"units":["J/(K*mol)"]},"valences":{"values":[3]},"number":62,"sourcetdb":{"1001":"WORK1"},"time_stamp":{"year":2020,"month":12,"day":3,"hour":14,"minute":47,"second":29}}},
  {"_key":"Ho;0:ELEMENT;1001:WORK1","_id":"elements/Ho;0:ELEMENT;1001:WORK1","_rev":"_bghZkm----","_type":"vertex","_label":"element","properties":{"symbol":"Ho","isotope_mass":0,"name":"Ho","atomic_mass":{"values":[164.93]},"class_":{"0":"ELEMENT"},"entropy":{"values":[75.76],"units":["J/(K*mol)"]},"heat_capacity":{"values":[27.15],"units":["J/(K*mol)"]},"valences":{"values":[3]},"number":67,"sourcetdb":{"1001":"WORK1"},"time_stamp":{"year":2020,"month":12,"day":3,"hour":14,"minute":47,"second":29}}},
  {"_key":"Zz;4:CHARGE;1001:WORK1","_id":"elements/Zz;4:CHARGE;1001:WORK1","_rev":"_bghZkme---","_type":"vertex","_label":"element","properties":{"symbol":"Zz","isotope_mass":0,"name":"Zz","atomic_mass":{"values":[0]},"class_":{"4":"CHARGE"},"entropy":{"values":[-65.34],"units":["J/(K*mol)"]},"heat_capacity":{"values":[-14.418],"units":["J/(K*mol)"]},"valences":{"values":[0]},"number":0,"sourcetdb":{"1001":"WORK1"},"time_stamp":{"year":2020,"month":12,"day":3,"hour":14,"minute":47,"second":29}}},
  {"_key":"Cit;0:ELEMENT;1001:WORK1","_id":"elements/Cit;0:ELEMENT;1001:WORK1","_rev":"_bghZknC---","_type":"vertex","_label":"element","properties":{"symbol":"Cit","isotope_mass":0,"name":"Cit","atomic_mass":{"values":[189.1]},"class_":{"0":"ELEMENT"},"entropy":{"values":[0],"units":["J/(K*mol)"]},"heat_capacity":{"values":[0],"units":["J/(K*mol)"]},"valences":{"values":[-3]},"number":102,"sourcetdb":{"1001":"WORK1"},"time_stamp":{"year":2020,"month":12,"day":3,"hour":14,"minute":47,"second":29}}},
  {"_key":"Edta;0:ELEMENT;1001:WORK1","_id":"elements/Edta;0:ELEMENT;1001:WORK1","_rev":"_bghZknq---","_type":"vertex","_label":"element","properties":{"symbol":"Edta","isotope_mass":0,"name":"Edta","atomic_mass":{"values":[288.212]},"class_":{"0":"ELEMENT"},"entropy":{"values":[0],"units":["J/(K*mol)"]},"heat_capacity":{"values":[0],"units":["J/(K*mol)"]},"valences":{"values":[-4]},"number":103,"sourcetdb":{"1001":"WORK1"},"time_stamp":{"year":2020,"month":12,"day":3,"hour":14,"minute":47,"second":29}}},
  {"_key":"Isa;0:ELEMENT;1001:WORK1","_id":"elements/Isa;0:ELEMENT;1001:WORK1","_rev":"_bghZkoS---","_type":"vertex","_label":"element","properties":{"symbol":"Isa","isotope_mass":0,"name":"Isa","atomic_mass":{"values":[176.125]},"class_":{"0":"ELEMENT"},"entropy":{"values":[0],"units":["J/(K*mol)"]},"heat_capacity":{"values":[0],"units":["J/(K*mol)"]},"valences":{"values":[-4]},"number":104,"sourcetdb":{"1001":"WORK1"},"time_stamp":{"year":2020,"month":12,"day":3,"hour":14,"minute":47,"second":29}}},
  {"_key":"Ox;0:ELEMENT;1001:WORK1","_id":"elements/Ox;0:ELEMENT;1001:WORK1","_rev":"_bghZkp----","_type":"vertex","_label":"element","properties":{"symbol":"Ox","isotope_mass":0,"name":"Ox","atomic_mass":{"values":[88.019]},"class_":{"0":"ELEMENT"},"entropy":{"values":[0],"units":["J/(K*mol)"]},"heat_capacity":{"values":[0],"units":["J/(K*mol)"]},"valences":{"values":[-2]},"number":105,"sourcetdb":{"1001":"WORK1"},"time_stamp":{"year":2020,"month":12,"day":3,"hour":14,"minute":47,"second":29}}},
  {"_key":"N_atm;0:ELEMENT;1001:WORK1","_id":"elements/N_atm;0:ELEMENT;1001:WORK1","_rev":"_bghZkpy---","_type":"vertex","_label":"element","properties":{"symbol":"N_atm","isotope_mass":0,"name":"N_atm","atomic_mass":{"values":[14.0067]},"class_":{"0":"ELEMENT"},"entropy":{"values":[95.805],"units":["J/(K*mol)"]},"heat_capacity":{"values":[14.562],"units":["J/(K*mol)"]},"valences":{"values":[0]},"number":99,"sourcetdb":{"1001":"WORK1"},"time_stamp":{"year":2020,"month":12,"day":3,"hour":14,"minute":47,"second":29}}}
]