[
  {"_key":"TDB2020beta1;2:TDS_GEM;0","_id":"thermodatasets/TDB2020beta1;2:TDS_GEM;0","_rev":"_bhzIyIG--_","_type":"vertex","_label":"thermodataset","properties":{"symbol":"TDB2020beta1","stype":{"2":"TDS_GEM"},"level":0,"name":"TDB 2020 beta1","element_list":[],"species_map":{"(HgOH)3PO4(s)":1,"(NH4)4NpO2(CO3)3(s)":1,"(NpO2)2(OH)2+2":1,"(NpO2)2CO3(OH)3-":1,"(NpO2)3(CO3)6-6":1,"(NpO2)3(OH)5+":1,"(PuO2)2(OH)2+2":1,"(PuO2)3(CO3)6-6":1,"(PuO2)3(PO4)2w4(am)":1,"(UEdtaOH)2-2":1,"(UO2)2(OH)2+2":1,"(UO2)2CO3(OH)3-":1,"(UO2)2Edta(aq)":1,"(UO2)2NpO2(CO3)6-6":1,"(UO2)2OH+3":1,"(UO2)2PuO2(CO3)6-6":1,"(UO2)2SiO4w2(cr)":1,"(UO2)3(AsO4)2w12(cr)":1,"(UO2)3(CO3)6-6":1,"(UO2)3(OH)4+2":1,"(UO2)3(OH)5+":1,"(UO2)3(OH)7-":1,"(UO2)3(PO4)2w4(cr)":1,"(UO2)3O(OH)2(HCO3)+":1,"(UO2)4(OH)7+":1,"(UO2Cit)2-2":1,"Ac(Cit)(aq)":1,"Ac(Edta)-":1,"Ac(OH)3(ag)":1,"Ac(OH)3(aq)":1,"Ac(OH)3(fr)":1,"Ac(Ox)+":1,"Ac(Ox)2-":1,"Ac+3":1,"Ac2(Ox)3(s)":1,"AcCl+2":1,"AcF+2":1,"AcF2+":1,"AcF3(aq)":1,"AcH2PO4+2":1,"AcHEdta(aq)":1,"AcOH+2":1,"AcSCN+2":1,"AcSO4+":1,"Ag(CN)2-":1,"Ag(CN)3-2":1,"Ag(HS)2-":1,"Ag(OH)2-":1,"Ag(OH)CN-":1,"Ag(SeCN)3-2":1,"Ag(aq)":1,"Ag(cr)":1,"Ag+":1,"Ag2CO3(cr)":1,"Ag2O(am)":1,"Ag2O(cr)":1,"Ag2S(HS)2-2":1,"Ag2S(cr)":1,"Ag2SO4(s)":1,"Ag2Se(alpha)":1,"Ag2Se(aq)":1,"Ag2SeO3(cr)":1,"Ag2SeO4(cr)":1,"Ag3PO4(s)":1,"AgBr(aq)":1,"AgBr(cr)":1,"AgBr2-":1,"AgBr3-2":1,"AgBr4-3":1,"AgCN(s)":1,"AgCO3-":1,"AgCl(aq)":1,"AgCl(cr)":1,"AgCl2-":1,"AgCl3-2":1,"AgCl4-3":1,"AgF(aq)":1,"AgHPO4-":1,"AgHS(aq)":1,"AgI(aq)":1,"AgI(cr)":1,"AgI2-":1,"AgI3-2":1,"AgI4-3":1,"AgOH(aq)":1,"AgSO4-":1,"AgSeCN(cr)":1,"AgSeO3-":1,"AgSeO4-":1,"Al(OH)2+":1,"Al(OH)2F(aq)":1,"Al(OH)2F2-":1,"Al(OH)3(aq)":1,"Al(OH)3(cr)":1,"Al(OH)4-":1,"Al(SO4)2-":1,"Al+3":1,"Al13(OH)32+7":1,"Al2(OH)2+4":1,"Al2Si2O5(OH)4(cr)":1,"Al3(OH)4+5":1,"AlF+2":1,"AlF2+":1,"AlF3(aq)":1,"AlF4-":1,"AlF5-2":1,"AlF6-3":1,"AlOH+2":1,"AlOHF2(aq)":1,"AlOOH(cr)":1,"AlSO4+":1,"AlSiO(OH)3+2":1,"Am(CO3)2-":1,"Am(CO3)3-3":1,"Am(Cit)(aq)":1,"Am(Cit)2-3":1,"Am(Edta)-":1,"Am(Edta)OH-2":1,"Am(HCit)+":1,"Am(HCit)2-":1,"Am(HEdta)(aq)":1,"Am(Isa)-":1,"Am(NO3)2+":1,"Am(OH)2+":1,"Am(OH)3(am)":1,"Am(OH)3(aq)":1,"Am(OH)3(cr)":1,"Am(Ox)+":1,"Am(Ox)2-":1,"Am(Ox)3-3":1,"Am(SO4)2-":1,"Am+3":1,"Am2(CO3)3(am_hyd)":1,"AmCO3+":1,"AmCl+2":1,"AmCl2+":1,"AmF+2":1,"AmF2+":1,"AmH2PO4+2":1,"AmHCO3+2":1,"AmHPO4+":1,"AmNO3+2":1,"AmO2(CO3)2-3":1,"AmO2(CO3)3-5":1,"AmO2(OH)2-":1,"AmO2+":1,"AmO2CO3-":1,"AmO2OH(am)":1,"AmO2OH(aq)":1,"AmOH+2":1,"AmOHCO3(am_hyd)":1,"AmOHCO3w0.5(cr)":1,"AmSCN+2":1,"AmSO4+":1,"AmSiO(OH)3+2":1,"Analcime":1,"As(OH)3(aq)":1,"As(OH)4-":1,"As(cr)":1,"AsO4-3":1,"B(OH)3(aq)":1,"B(OH)4-":1,"Ba+2":1,"Ba2UO2(CO3)3(aq)":1,"Ba3(PO4)2(s)":1,"BaCO3(aq)":1,"BaCO3(cr)":1,"BaF+":1,"BaH2PO4+":1,"BaHCO3+":1,"BaHPO4(aq)":1,"BaHPO4(cr)":1,"BaOH+":1,"BaPO4-":1,"BaSO4(aq)":1,"BaSO4(cr)":1,"BaSeO3(cr)":1,"BaSeO4(cr)":1,"BaUO2(CO3)3-2":1,"Ba[(UO2)(AsO4)]2w7(cr)":1,"Ba[(UO2)(PO4)]2w(cr)":1,"Beidellite(Ca)":1,"Beidellite(K)":1,"Beidellite(Mg)":1,"Beidellite(Na)":1,"Beidellite_SBld-1":1,"Berthierine(FeII)":1,"Berthierine(FeIII)":1,"Berthierine_ISGS":1,"Br-":1,"C(cr)":1,"CH4(aq)":1,"CH4(g)":1,"CN-":1,"CO2(aq)":1,"CO2(g)":1,"CO3-2":1,"Ca(Cit)-":1,"Ca(Edta)-2":1,"Ca(H2Cit)+":1,"Ca(H2Isa)(aq)":1,"Ca(H3Isa)+":1,"Ca(H3Isa)2(cr)":1,"Ca(HCit)(aq)":1,"Ca(HEdta)-":1,"Ca(OH)2(cr)":1,"Ca(Ox)(aq)":1,"Ca(Ox)2-2":1,"Ca(Ox)w1(cr)":1,"Ca(Ox)w2(cr)":1,"Ca(Ox)w3(cr)":1,"Ca(UO2)2(SiO3OH)2w5(cr)":1,"Ca+2":1,"Ca0.5NpO2(OH)2w1.3(cr)":1,"Ca2Am(OH)4+3":1,"Ca2Cm(OH)4+3":1,"Ca2UO2(CO3)3(aq)":1,"Ca2Zr(OH)6+2":1,"Ca3(Cit)2w4(cr)":1,"Ca3(PO4)2(cr)":1,"Ca3Am(OH)6+3":1,"Ca3Cm(OH)6+3":1,"Ca3NpO2(OH)5+2":1,"Ca3Zr(OH)6+4":1,"Ca4H(PO4)3w2.5(s)":1,"Ca4Np(OH)8+4":1,"Ca4Pu(OH)8+4":1,"Ca4Th(OH)8+4":1,"Ca5(PO4)3Cl(cr)":1,"Ca5(PO4)3F(cr)":1,"Ca5(PO4)3OH(cr)":1,"CaAm(OH)3+2":1,"CaCO3(aq)":1,"CaCO3(aragonite)":1,"CaCO3(calcite)":1,"CaCO3(vaterite)":1,"CaCm(OH)3+2":1,"CaF+":1,"CaF2(cr)":1,"CaH2PO4+":1,"CaHCO3+":1,"CaHK3(PO4)2(cr)":1,"CaHPO4(aq)":1,"CaHPO4(cr)":1,"CaHPO4w2(cr)":1,"CaMg(CO3)2(cr)":1,"CaMoO4(aq)":1,"CaMoO4(cr)":1,"CaNpO2(OH)2+":1,"CaNpO2(OH)2.6Cl0.4w2(cr)":1,"CaOH+":1,"CaPO4-":1,"CaSO4(aq)":1,"CaSO4(cr)":1,"CaSO4w2(cr)":1,"CaSeO3w1(cr)":1,"CaSeO4(aq)":1,"CaSiO(OH)3+":1,"CaSiO2(OH)2(aq)":1,"CaSn(OH)6(pr)":1,"CaU6O19w11(cr)":1,"CaUO2(CO3)3-2":1,"CaZr(OH)6(aq)":1,"Ca[(UO2)(AsO4)]2w10(cr)":1,"Ca[(UO2)(PO4)]2w6(cr)":1,"Cancrinite-NO3":1,"Cd(CO3)2-2":1,"Cd(HS)2(aq)":1,"Cd(HS)3-":1,"Cd(HS)4-2":1,"Cd(OH)2(aq)":1,"Cd(OH)2(s)":1,"Cd(OH)3-":1,"Cd(OH)4-2":1,"Cd(SO4)2-2":1,"Cd+2":1,"Cd2OH+3":1,"Cd3(PO4)2(s)":1,"Cd5H2(PO4)4w4(s)":1,"CdCO3(aq)":1,"CdCO3(cr)":1,"CdCl+":1,"CdCl2(aq)":1,"CdCl3-":1,"CdCl4-2":1,"CdH2PO4+":1,"CdHCO3+":1,"CdHPO4(aq)":1,"CdHS+":1,"CdOH+":1,"CdS(HS)-":1,"CdS(s)":1,"CdSO4(aq)":1,"Cd[(UO2)(AsO4)]2w8(cr)":1,"Cd[(UO2)(PO4)]2w10(cr)":1,"Cf+3":1,"CfF+2":1,"CfSCN+2":1,"CfSO4+":1,"Chabazite-Ca":1,"Chabazite-Na":1,"Cit-3":1,"Cl-":1,"ClO4-":1,"Clinoptilolite":1,"Cm(CO3)2-":1,"Cm(CO3)3-3":1,"Cm(NO3)2+":1,"Cm(OH)2+":1,"Cm(OH)3(aq)":1,"Cm(SO4)2-":1,"Cm+3":1,"CmCO3+":1,"CmCl+2":1,"CmCl2+":1,"CmF+2":1,"CmF2+":1,"CmH2PO4+2":1,"CmHCO3+2":1,"CmHPO4+":1,"CmNO3+2":1,"CmOH+2":1,"CmSCN+2":1,"CmSO4+":1,"CmSiO(OH)3+2":1,"Cronstedtite":1,"Cs(UO2)(AsO4)w2.5(cr)":1,"Cs(UO2)(BO3)w1(cr)":1,"Cs(UO2)(PO4)w2.5(cr)":1,"Cs+":1,"Cu(CO3)2-2":1,"Cu(CO3)OH-":1,"Cu(H2PO4)(HPO4)-":1,"Cu(H2PO4)(HPO4)-2":1,"Cu(H2PO4)2(aq)":1,"Cu(H2PO4)2-":1,"Cu(HPO4)2-2":1,"Cu(HS)2-":1,"Cu(OH)2(aq)":1,"Cu(OH)2(s)":1,"Cu(OH)2-":1,"Cu(OH)3-":1,"Cu(OH)4-2":1,"Cu(cr)":1,"Cu+":1,"Cu+2":1,"Cu2(OH)2+2":1,"Cu2CO3(OH)2(cr)":1,"Cu2Cl4-2":1,"Cu2O(cr)":1,"Cu2OH+3":1,"Cu2S(HS)2-2":1,"Cu2S(cr)":1,"Cu3(CO3)2(OH)2(cr)":1,"Cu3(OH)4+2":1,"CuCO3(aq)":1,"CuCl(aq)":1,"CuCl(s)":1,"CuCl+":1,"CuCl2(aq)":1,"CuCl2-":1,"CuCl3-2":1,"CuH2PO4(aq)":1,"CuH2PO4+":1,"CuHCO3+":1,"CuHPO4(aq)":1,"CuHS(aq)":1,"CuO(cr)":1,"CuOH(aq)":1,"CuOH+":1,"CuS(cr)":1,"CuSO4(aq)":1,"Cu[(UO2)(AsO4)]2w8(cr)":1,"Cu[(UO2)(PO4)]2w8(cr)":1,"Edta-4":1,"Eu(CO3)2-":1,"Eu(OH)2+":1,"Eu(OH)3(am)":1,"Eu(OH)3(aq)":1,"Eu(OH)3(cr)":1,"Eu(OH)4-":1,"Eu(SO4)2-":1,"Eu+3":1,"Eu2(CO3)3(cr)":1,"EuCO3+":1,"EuF+2":1,"EuF2+":1,"EuF3(cr)":1,"EuH2PO4+2":1,"EuOH+2":1,"EuOHCO3(cr)":1,"EuPO4w0.667(cr)":1,"EuSO4+":1,"EuSiO(OH)3+2":1,"F-":1,"Faujasite-X":1,"Faujasite-Y":1,"Fe(CN)6-3":1,"Fe(CN)6-4":1,"Fe(CO3)2-2":1,"Fe(CO3)3-3":1,"Fe(H2PO4)3(aq)":1,"Fe(HSeO4)2(aq)":1,"Fe(OH)2(aq)":1,"Fe(OH)2(s)":1,"Fe(OH)2+":1,"Fe(OH)3(aq)":1,"Fe(OH)3(mic)":1,"Fe(OH)3-":1,"Fe(OH)4-":1,"Fe(OH)CO3(aq)":1,"Fe(SCN)2+":1,"Fe(SO4)2-":1,"Fe(SO4)2-2":1,"Fe(alpha)":1,"Fe+2":1,"Fe+3":1,"Fe0.875S(cr)":1,"Fe0.875Se(cr)":1,"Fe0.9S(cr)":1,"Fe1.042Se(cr)":1,"Fe2(OH)2+4":1,"Fe2(SeO3)3w3(cr)":1,"Fe2Cl(OH)3(beta)":1,"Fe2O3(alpha)":1,"Fe2O3(gamma)":1,"Fe3(OH)4+5":1,"Fe3(PO4)2w8(cr)":1,"Fe3O4(cr)":1,"Fe3S4(cr)":1,"Fe3Se4(gamma)":1,"Fe4(OH)8Clwn(s)":1,"Fe6(OH)12CO3wn(s)":1,"Fe6(OH)12SO4wn(s)":1,"FeCO3(aq)":1,"FeCO3(cr)":1,"FeCl+":1,"FeCl+2":1,"FeCl2+":1,"FeCl3(aq)":1,"FeCl4-":1,"FeF+":1,"FeF+2":1,"FeF2+":1,"FeH2PO4+":1,"FeHPO4(aq)":1,"FeHSO4+":1,"FeHSO4+2":1,"FeHSeO3(H2SeO3)+":1,"FeHSeO3+":1,"FeOH+":1,"FeOH+2":1,"FeOOH(alpha)":1,"FeOOH(gamma)":1,"FePO4(aq)":1,"FePO4(cr)":1,"FePO4w2(s)":1,"FeS(aq)":1,"FeS(mackinawite)":1,"FeS(troilite)":1,"FeS2(marcasite)":1,"FeS2(pyrite)":1,"FeSCN+2":1,"FeSO4(aq)":1,"FeSO4+":1,"FeSe2(cr)":1,"FeSeO3+":1,"FeSiO(OH)3+2":1,"Fe[(UO2)(AsO4)]2w8(cr)":1,"Glauconite":1,"H+":1,"H2(aq)":1,"H2(g)":1,"H2AsO4-":1,"H2Cit-":1,"H2Edta-2":1,"H2Fe(CN)6-2":1,"H2MoO4(aq)":1,"H2Nb6O19-6":1,"H2O(l)":1,"H2Ox(aq)":1,"H2PO4-":1,"H2Po(aq)":1,"H2S(aq)":1,"H2S(g)":1,"H2Se(aq)":1,"H2Se(g)":1,"H2SeO3(aq)":1,"H3AsO4(aq)":1,"H3Cit(aq)":1,"H3Edta-":1,"H3Isa-":1,"H3Nb6O19-5":1,"H3PO4(aq)":1,"H4Edta(aq)":1,"H4Edta(cr)":1,"H4Isa(aq)":1,"H5Edta+":1,"H6Edta+2":1,"HAl[(UO2)(PO4)]4w16(cr)":1,"HAsO4-2":1,"HCN(aq)":1,"HCO3-":1,"HCit-2":1,"HEdta-3":1,"HF(aq)":1,"HF2-":1,"HFe(CN)6-3":1,"HIO3(aq)":1,"HMoO4-":1,"HNb6O19-7":1,"HOx-":1,"HP2O7-3":1,"HPO4-2":1,"HPo-":1,"HS-":1,"HSO3-":1,"HSO4-":1,"HSe-":1,"HSe4-":1,"HSeO3-":1,"HSeO4-":1,"Heulandite_1":1,"Heulandite_2":1,"Hg(HS)2(aq)":1,"Hg(OH)2(aq)":1,"Hg(OH)3-":1,"Hg(SO4)2-2":1,"Hg(aq)":1,"Hg(g)":1,"Hg(l)":1,"Hg+2":1,"Hg2+2":1,"Hg2Cl2(cr)":1,"Hg2OH+":1,"Hg3(PO4)2(s)":1,"HgCO3(HgO)2(s)":1,"HgCO3(aq)":1,"HgCl+":1,"HgCl2(aq)":1,"HgCl3-":1,"HgCl4-2":1,"HgHCO3+":1,"HgHPO4(aq)":1,"HgHPO4(s)":1,"HgO(cr)":1,"HgOH+":1,"HgOHCO3-":1,"HgOHCl(aq)":1,"HgPO4-":1,"HgS(HS)-":1,"HgS(s)":1,"HgS2-2":1,"HgSO4(aq)":1,"Ho(CO3)2-":1,"Ho(OH)2+":1,"Ho(OH)3(aq)":1,"Ho(OH)3(cr)":1,"Ho(OH)4-":1,"Ho(SO4)2-":1,"Ho+3":1,"Ho2(CO3)3(cr)":1,"HoCO3+":1,"HoF+2":1,"HoF2+":1,"HoF3(cr)":1,"HoH2PO4+2":1,"HoOH+2":1,"HoOHCO3(cr)":1,"HoPO4(s)":1,"HoSO4+":1,"Hydrosodalite":1,"I-":1,"I2(aq)":1,"I3-":1,"IO3-":1,"Illite(Al)":1,"Illite(FeII)":1,"Illite(FeIII)":1,"Illite(Mg)":1,"Illite_IMt-2":1,"K(UO2)(AsO4)w3(cr)":1,"K(UO2)(BO3)w1(cr)":1,"K(UO2)(PO4)w3(cr)":1,"K(UO2)(SiO3OH)w1(cr)":1,"K+":1,"K2U6O19w11(cr)":1,"K3NpO2(CO3)2(s)":1,"K4NpO2(CO3)3(s)":1,"KCO3-":1,"KEdta-3":1,"KFe(CN)6-2":1,"KFe(CN)6-3":1,"KH2PO4(aq)":1,"KHCO3(aq)":1,"KHPO4-":1,"KNpO2CO3(s)":1,"KOH(aq)":1,"KPO4-2":1,"KSO4-":1,"Li(UO2)(AsO4)w4(cr)":1,"Li(UO2)(BO3)w1.5(cr)":1,"Li(UO2)(PO4)w4(cr)":1,"Li+":1,"LiF(aq)":1,"LiH2PO4(aq)":1,"LiHPO4-":1,"LiOH(aq)":1,"LiPO4-2":1,"LiSO4-":1,"Linda_type_A":1,"Low-silica_P-Ca":1,"Low-silica_P-Na":1,"Mg(Cit)-":1,"Mg(Edta)-2":1,"Mg(H2Cit)+":1,"Mg(HCit)(aq)":1,"Mg(HEdta)-":1,"Mg(OH)2(s)":1,"Mg(Ox)(aq)":1,"Mg(Ox)2-2":1,"Mg(Ox)w2(cr)":1,"Mg+2":1,"Mg2KH(PO4)2w15(cr)":1,"Mg2UO2(CO3)3(aq)":1,"Mg3(PO4)2(cr)":1,"Mg3(PO4)2w22(cr)":1,"Mg3(PO4)2w4(cr)":1,"Mg3(PO4)2w8(cr)":1,"MgCO3(aq)":1,"MgCO3(s)":1,"MgF+":1,"MgH2PO4+":1,"MgHCO3+":1,"MgHPO4(aq)":1,"MgHPO4w3(cr)":1,"MgHPO4w7(cr)":1,"MgKPO4w1(cr)":1,"MgKPO4w6(cr)":1,"MgOH+":1,"MgPO4-":1,"MgSO4(aq)":1,"MgSeO3w6(cr)":1,"MgSeO4(aq)":1,"MgSiO(OH)3+":1,"MgSiO2(OH)2(aq)":1,"MgUO2(CO3)3-2":1,"Mg[(UO2)(AsO4)]2w10(cr)":1,"Mg[(UO2)(PO4)]2w8(cr)":1,"Mn(OH)2(aq)":1,"Mn(OH)2(cr)":1,"Mn(OH)2+":1,"Mn(OH)3-":1,"Mn(OH)4-2":1,"Mn+2":1,"Mn+3":1,"Mn2O3(cr)":1,"Mn3O4(cr)":1,"MnCO3(aq)":1,"MnCO3(cr)":1,"MnCl+":1,"MnCl+2":1,"MnF+":1,"MnF+2":1,"MnF2+":1,"MnF3(aq)":1,"MnHCO3+":1,"MnO(cr)":1,"MnO2(cr)":1,"MnOH+":1,"MnOH+2":1,"MnOHF+":1,"MnOOH(cr)":1,"MnSO4(aq)":1,"MnSeO3w2(cr)":1,"MnSeO4(aq)":1,"Mn[(UO2)(AsO4)]2w8(cr)":1,"Mn[(UO2)(PO4)]2w10(cr)":1,"MoO2(cr)":1,"MoO3(cr)":1,"MoO4-2":1,"Molecular_sieve_4Å":1,"Montmorillonite(HcCa)":1,"Montmorillonite(HcK)":1,"Montmorillonite(HcMg)":1,"Montmorillonite(HcNa)":1,"Montmorillonite(MgCa)":1,"Montmorillonite(MgK)":1,"Montmorillonite(MgMg)":1,"Montmorillonite(MgNa)":1,"Mordenite-Ca":1,"Mordenite-Na":1,"N2(aq)":1,"N2(g)":1,"NH3(aq)":1,"NH4(UO2)(AsO4)w3(cr)":1,"NH4(UO2)(PO4)w3(cr)":1,"NH4+":1,"NO3-":1,"Na(Edta)-3":1,"Na(UO2)(AsO4)w3(cr)":1,"Na(UO2)(BO3)w1(cr)":1,"Na(UO2)(PO4)w3(cr)":1,"Na(UO2)(SiO3OH)w1(cr)":1,"Na+":1,"Na2Np2O7w0.1(cr)":1,"Na2U2O7w1(cr)":1,"Na3NpO2(CO3)2(cr)":1,"Na6Th(CO3)5w12(cr)":1,"Na7HNb6O19w15(cr)":1,"NaAlCO3(OH)2(cr)":1,"NaAm(CO3)2w5(cr)":1,"NaAmO2CO3(s)":1,"NaCO3-":1,"NaF(aq)":1,"NaH2PO4(aq)":1,"NaHCO3(aq)":1,"NaHPO4-":1,"NaNpO2CO3w3.5(cr)":1,"NaOH(aq)":1,"NaPO4-2":1,"NaSO4-":1,"Natrolite":1,"Nb(OH)4+":1,"Nb(OH)5(aq)":1,"Nb(OH)6-":1,"Nb(OH)7-2":1,"Nb2O5(pr)":1,"Nb6O19-8":1,"Ni(CN)4-2":1,"Ni(CN)5-3":1,"Ni(CO3)2-2":1,"Ni(Cit)-":1,"Ni(Cit)2-4":1,"Ni(Edta)-2":1,"Ni(H2Cit)+":1,"Ni(H3Isa)+":1,"Ni(HCit)(aq)":1,"Ni(HEdta)-":1,"Ni(HS)2(aq)":1,"Ni(NH3)2+2":1,"Ni(NH3)3+2":1,"Ni(NH3)4+2":1,"Ni(NH3)5+2":1,"Ni(NH3)6+2":1,"Ni(OH)2(aq)":1,"Ni(OH)2(cr)":1,"Ni(OH)3-":1,"Ni(Ox)(aq)":1,"Ni(Ox)2-2":1,"Ni(Ox)w2(cr)":1,"Ni(SCN)2(aq)":1,"Ni(SCN)3-":1,"Ni(SeCN)2(aq)":1,"Ni+2":1,"Ni2OH+3":1,"Ni3(AsO3)2(s)":1,"Ni3(AsO4)2w8(s)":1,"Ni4(OH)4+4":1,"NiCO3(aq)":1,"NiCO3(cr)":1,"NiCO3w5.5(s)":1,"NiCl+":1,"NiF+":1,"NiHAsO4(aq)":1,"NiHCO3+":1,"NiHP2O7-":1,"NiHPO4(aq)":1,"NiHS+":1,"NiNH3+2":1,"NiNO3+":1,"NiO(cr)":1,"NiOH+":1,"NiP2O7-2":1,"NiSCN+":1,"NiSO4(aq)":1,"NiSeCN+":1,"NiSeO3w2(cr)":1,"NiSeO4(aq)":1,"NiSiO(OH)3+":1,"Ni[(UO2)(AsO4)]2w10(cr)":1,"Ni[(UO2)(PO4)]2w8(cr)":1,"Nontronite(Ca)":1,"Nontronite(K)":1,"Nontronite(Mg)":1,"Nontronite(Na)":1,"Nontronite_Nau-1":1,"Np(CO3)2-":1,"Np(CO3)3-3":1,"Np(CO3)4-4":1,"Np(CO3)5-6":1,"Np(Edta)(aq)":1,"Np(OH)2(CO3)2-2":1,"Np(OH)2+":1,"Np(OH)2+2":1,"Np(OH)3(H3Isa)(aq)":1,"Np(OH)3(H3Isa)2-":1,"Np(OH)3(aq)":1,"Np(OH)3+":1,"Np(OH)4(H3Isa)-":1,"Np(OH)4(H3Isa)2-2":1,"Np(OH)4(aq)":1,"Np(OH)4CO3-2":1,"Np(Ox)+2":1,"Np(Ox)2(aq)":1,"Np(Ox)2w6(cr)":1,"Np(Ox)3-2":1,"Np(SCN)2+2":1,"Np(SCN)3+":1,"Np(SO4)2(aq)":1,"Np(SO4)2-":1,"Np+3":1,"Np+4":1,"NpCO3+":1,"NpCl+2":1,"NpCl+3":1,"NpCl2+":1,"NpF+2":1,"NpF+3":1,"NpF2+":1,"NpF2+2":1,"NpI+3":1,"NpNO3+3":1,"NpO2(CO3)2-2":1,"NpO2(CO3)2-3":1,"NpO2(CO3)2OH-4":1,"NpO2(CO3)3-4":1,"NpO2(CO3)3-5":1,"NpO2(H2Edta)-":1,"NpO2(HEdta)-2":1,"NpO2(HPO4)2-2":1,"NpO2(OH)(aq)":1,"NpO2(OH)2(aq)":1,"NpO2(OH)2-":1,"NpO2(OH)2w1(cr_hex)":1,"NpO2(OH)3-":1,"NpO2(OH)4-2":1,"NpO2(Ox)2-3":1,"NpO2(SO4)2-2":1,"NpO2(am_hyd)":1,"NpO2+":1,"NpO2+2":1,"NpO2CO3(OH)2-3":1,"NpO2CO3(aq)":1,"NpO2CO3(cr)":1,"NpO2CO3-":1,"NpO2CO3OH-2":1,"NpO2Cit-2":1,"NpO2Cl+":1,"NpO2Edta-3":1,"NpO2EdtaOH-4":1,"NpO2F(aq)":1,"NpO2F+":1,"NpO2F2(aq)":1,"NpO2F2-":1,"NpO2H2PO4(aq)":1,"NpO2H2PO4+":1,"NpO2HPO4(aq)":1,"NpO2HPO4-":1,"NpO2IO3(aq)":1,"NpO2IO3+":1,"NpO2OH(am)":1,"NpO2OH+":1,"NpO2Ox-":1,"NpO2SCN(aq)":1,"NpO2SO4(aq)":1,"NpO2SO4-":1,"NpO2SiO(OH)3(aq)":1,"NpO2SiO(OH)3+":1,"NpOH+2":1,"NpOH+3":1,"NpSCN+3":1,"NpSO4+":1,"NpSO4+2":1,"NpSiO(OH)3+2":1,"NpSiO(OH)3+3":1,"O2(aq)":1,"O2(g)":1,"OH-":1,"Ox-2":1,"P2O7-4":1,"PO4-3":1,"Pa(OH)2+2":1,"Pa(OH)3+":1,"Pa+4":1,"Pa2O5(act)":1,"PaO(OH)+2":1,"PaO(OH)2+":1,"PaO(OH)3(aq)":1,"PaO(OH)4-":1,"PaO(SO4)2-":1,"PaO(SO4)3-3":1,"PaO+3":1,"PaOF+2":1,"PaOF2+":1,"PaOF3(aq)":1,"PaOH+3":1,"PaOSO4+":1,"Pb(CO3)2-2":1,"Pb(CO3)Cl-":1,"Pb(CO3)OH-":1,"Pb(HPO4)2-2":1,"Pb(HS)2(aq)":1,"Pb(OH)2(aq)":1,"Pb(OH)3-":1,"Pb(SO4)2-2":1,"Pb(aq)":1,"Pb(cr)":1,"Pb+2":1,"Pb2(CO3)Cl2(s)":1,"Pb2(UO2)(PO4)2w2(cr)":1,"Pb2OH+3":1,"Pb3(OH)4+2":1,"Pb3(PO4)2(s)":1,"Pb4(OH)4+4":1,"Pb5(PO4)3Cl(s)":1,"Pb6(OH)8+4":1,"PbCO3(aq)":1,"PbCO3(s)":1,"PbCl+":1,"PbCl2(aq)":1,"PbCl3-":1,"PbCl4-2":1,"PbClOH(s)":1,"PbH2PO4+":1,"PbHCO3+":1,"PbHPO4(aq)":1,"PbHPO4(s)":1,"PbO(s_red)":1,"PbO(s_yellow)":1,"PbOH+":1,"PbS(HS)-":1,"PbS(s)":1,"PbSO4(aq)":1,"PbSO4(cr)":1,"Pb[(UO2)(AsO4)]2w10(cr)":1,"Pb[(UO2)(PO4)]2w8(cr)":1,"Pd(NH3)2+2":1,"Pd(NH3)3+2":1,"Pd(NH3)4+2":1,"Pd(OH)2(aq)":1,"Pd(OH)3-":1,"Pd(aq)":1,"Pd(cr)":1,"Pd+2":1,"PdCl+":1,"PdCl2(aq)":1,"PdCl3-":1,"PdCl4-2":1,"PdNH3+2":1,"PdO(cr)":1,"PdOH+":1,"Phillipsite-Na":1,"Phillipsite-NaK":1,"Po(NO3)2+2":1,"Po(NO3)3+":1,"Po(OH)2+2":1,"Po(OH)3+":1,"Po(OH)4(aq)":1,"Po(OH)6-2":1,"Po(OH)Cl4-":1,"Po(SO4)2(aq)":1,"Po(SO4)2w1(s)":1,"Po(SO4)3-2":1,"Po(aq)":1,"Po(cr)":1,"Po+2":1,"Po+4":1,"Po-2":1,"PoCl+":1,"PoCl2(aq)":1,"PoCl3-":1,"PoCl4-2":1,"PoCl6-2":1,"PoNO3+3":1,"PoO2(s)":1,"PoOH+3":1,"PoSO4(aq)":1,"PoSO4(s)":1,"PoSO4+2":1,"Pu(CO3)2-":1,"Pu(CO3)3-3":1,"Pu(CO3)4-4":1,"Pu(CO3)5-6":1,"Pu(Cit)(aq)":1,"Pu(Edta)(OH)2-2":1,"Pu(Edta)(aq)":1,"Pu(Edta)-":1,"Pu(Edta)OH-":1,"Pu(HCit)+":1,"Pu(HEdta)(aq)":1,"Pu(HPO4)2(am_hyd)":1,"Pu(OH)2+":1,"Pu(OH)2+2":1,"Pu(OH)3(am)":1,"Pu(OH)3(aq)":1,"Pu(OH)3+":1,"Pu(OH)4(aq)":1,"Pu(Ox)+":1,"Pu(Ox)+2":1,"Pu(Ox)2(aq)":1,"Pu(Ox)2-":1,"Pu(Ox)2w6(cr)":1,"Pu(Ox)3-2":1,"Pu(Ox)3-3":1,"Pu(SO4)2(aq)":1,"Pu(SO4)2-":1,"Pu+3":1,"Pu+4":1,"Pu2(Ox)3w10(cr)":1,"PuCO3(OH)3-":1,"PuCO3+":1,"PuCl+2":1,"PuCl+3":1,"PuF+2":1,"PuF+3":1,"PuF2+":1,"PuF2+2":1,"PuH2PO4+2":1,"PuH3PO4+4":1,"PuNO3+3":1,"PuO2(CO3)2-2":1,"PuO2(CO3)2-3":1,"PuO2(CO3)3-4":1,"PuO2(CO3)3-5":1,"PuO2(H2PO4)2(aq)":1,"PuO2(OH)2(am_hyd)":1,"PuO2(OH)2(aq)":1,"PuO2(OH)3-":1,"PuO2(SO4)2-2":1,"PuO2(am_hyd)":1,"PuO2+":1,"PuO2+2":1,"PuO2CO3(aq)":1,"PuO2CO3(cr)":1,"PuO2CO3-":1,"PuO2Cl+":1,"PuO2Cl2(aq)":1,"PuO2F+":1,"PuO2F2(aq)":1,"PuO2H2PO4+":1,"PuO2HPO4(aq)":1,"PuO2OH(am)":1,"PuO2OH(aq)":1,"PuO2OH+":1,"PuO2PO4-":1,"PuO2SO4(aq)":1,"PuO2SO4-":1,"PuO2SiO(OH)3(aq)":1,"PuO2SiO(OH)3+":1,"PuOH+2":1,"PuOH+3":1,"PuPO4(am_hyd)":1,"PuSCN+2":1,"PuSO4+":1,"PuSO4+2":1,"PuSiO(OH)3+2":1,"PuSiO(OH)3+3":1,"Ra+2":1,"RaCO3(aq)":1,"RaCO3(cr)":1,"RaF+":1,"RaHCO3+":1,"RaOH+":1,"RaSO4(aq)":1,"RaSO4(cr)":1,"Ripidolite_Cca-2":1,"S(rhomb)":1,"S-2":1,"S2O3-2":1,"SCN-":1,"SO3-2":1,"SO4-2":1,"Saponite(Ca)":1,"Saponite(FeCa)":1,"Saponite(FeK)":1,"Saponite(FeMg)":1,"Saponite(FeNa)":1,"Saponite(K)":1,"Saponite(Mg)":1,"Saponite(Na)":1,"Saponite_SapCa-2":1,"Scolecite":1,"Se(aq)":1,"Se(cr)":1,"Se-2":1,"Se2-2":1,"Se3-2":1,"Se4-2":1,"SeCN-":1,"SeO3-2":1,"SeO4-2":1,"Si(OH)4(aq)":1,"Si4O8(OH)4-4":1,"SiAlO3(OH)4-3":1,"SiO(OH)3-":1,"SiO2(OH)2-2":1,"SiO2(am)":1,"SiO2(cr)":1,"Sm(CO3)2-":1,"Sm(OH)2+":1,"Sm(OH)3(aq)":1,"Sm(OH)3(cr)":1,"Sm(OH)4-":1,"Sm(SO4)2-":1,"Sm+3":1,"Sm2(CO3)3(cr)":1,"Sm2(OH)2+4":1,"Sm3(OH)5+4":1,"SmCO3+":1,"SmF+2":1,"SmF2+":1,"SmF3(cr)":1,"SmH2PO4+2":1,"SmOH+2":1,"SmOHCO3(cr)":1,"SmPO4w0.667(cr)":1,"SmSO4+":1,"Smectite_MX80":1,"Sn(H2PO4)2(aq)":1,"Sn(HPO4)2-2":1,"Sn(HPO4)3-4":1,"Sn(NO3)2(aq)":1,"Sn(OH)2(aq)":1,"Sn(OH)3-":1,"Sn(OH)4(aq)":1,"Sn(OH)5-":1,"Sn(OH)6-2":1,"Sn(OH)Cl(aq)":1,"Sn(beta)":1,"Sn+2":1,"Sn+4":1,"Sn3(OH)4+2":1,"SnBr+":1,"SnBr2(aq)":1,"SnBr3-":1,"SnCl+":1,"SnCl+3":1,"SnCl2(aq)":1,"SnCl2+2":1,"SnCl3-":1,"SnCl4(aq)":1,"SnCl4-2":1,"SnCl5-":1,"SnCl6-2":1,"SnF+":1,"SnF2(aq)":1,"SnF3-":1,"SnF6-2":1,"SnH2PO4+":1,"SnH2PO4HPO4-":1,"SnHPO4(aq)":1,"SnNO3+":1,"SnO(s)":1,"SnO2(am)":1,"SnO2(cr)":1,"SnOH+":1,"SnPO4-":1,"SnSCN+":1,"SnSO4(aq)":1,"Sodalite":1,"Sr+2":1,"Sr2UO2(CO3)3(aq)":1,"Sr3(PO4)2(s)":1,"SrCO3(aq)":1,"SrCO3(cr)":1,"SrF+":1,"SrH2PO4+":1,"SrHCO3+":1,"SrHPO4(aq)":1,"SrHPO4(beta)":1,"SrOH+":1,"SrPO4-":1,"SrSO4(aq)":1,"SrSO4(cr)":1,"SrSeO3(cr)":1,"SrUO2(CO3)3-2":1,"Sr[(UO2)(AsO4)]2w8(cr)":1,"Sr[(UO2)(PO4)]2w6(cr)":1,"Stilbite":1,"Tc+3":1,"Tc2O2(OH)2+2":1,"Tc2OCl10-4":1,"TcCO3(OH)2(aq)":1,"TcCO3(OH)3-":1,"TcCl5-":1,"TcCl6-2":1,"TcO(OH)2(aq)":1,"TcO(OH)3-":1,"TcO2(am_hyd_ag)":1,"TcO2(am_hyd_fr)":1,"TcO4-":1,"Th(CO3)5-6":1,"Th(H2PO4)2+2":1,"Th(H3PO4)(H2PO4)+3":1,"Th(IO3)2+2":1,"Th(IO3)3+":1,"Th(NO3)2+2":1,"Th(OH)2(CO3)2-2":1,"Th(OH)2+2":1,"Th(OH)2CO3(aq)":1,"Th(OH)3(SiO(OH)3)3-2":1,"Th(OH)3CO3-":1,"Th(OH)4(aq)":1,"Th(OH)4CO3-2":1,"Th(SCN)2+2":1,"Th(SO4)2(aq)":1,"Th(SO4)3-2":1,"Th+4":1,"Th2(OH)2+6":1,"Th2(OH)3+5":1,"Th3(PO4)4(s)":1,"Th4(OH)12+4":1,"Th4(OH)8+8":1,"Th6(OH)14+10":1,"Th6(OH)15+9":1,"ThCl+3":1,"ThF+3":1,"ThF2+2":1,"ThF3+":1,"ThF4(aq)":1,"ThF4(cr_hyd)":1,"ThF6-2":1,"ThH2PO4+3":1,"ThH3PO4+4":1,"ThIO3+3":1,"ThNO3+3":1,"ThO2(am_hyd_ag)":1,"ThO2(am_hyd_fr)":1,"ThOH(CO3)4-5":1,"ThOH+3":1,"ThSCN+3":1,"ThSO4+2":1,"Ti(alpha)":1,"Ti+3":1,"Ti2(OH)2+4":1,"TiO(OH)2(aq)":1,"TiO(OH)3-":1,"TiO+2":1,"TiO2(am_hyd)":1,"TiOH+2":1,"TiOOH+":1,"U(CO3)4-4":1,"U(CO3)5-6":1,"U(NO3)2+2":1,"U(OH)2+2":1,"U(OH)2SO4(cr)":1,"U(OH)3+":1,"U(OH)4(aq)":1,"U(Ox)2(aq)":1,"U(Ox)2w6(cr)":1,"U(Ox)3-2":1,"U(Ox)4-4":1,"U(SCN)2+2":1,"U(SO4)2(aq)":1,"U+4":1,"UCO3(OH)3-":1,"UCl+3":1,"UEdta(OH)2-2":1,"UEdta(aq)":1,"UEdtaOH-":1,"UF+3":1,"UF2+2":1,"UF3+":1,"UF4(aq)":1,"UF4w2.5(cr)":1,"UF5-":1,"UF6-2":1,"UH2PO4+3":1,"UI+3":1,"UNO3+3":1,"UO2(CO3)2-2":1,"UO2(CO3)3-4":1,"UO2(CO3)3-5":1,"UO2(H2AsO4)2(aq)":1,"UO2(H2PO4)(H3PO4)+":1,"UO2(H2PO4)2(aq)":1,"UO2(H3Isa)+":1,"UO2(H3Isa)2(aq)":1,"UO2(H3Isa)3-":1,"UO2(HCit)(aq)":1,"UO2(HEdta)-":1,"UO2(HSeO3)2(aq)":1,"UO2(IO3)2(aq)":1,"UO2(OH)2(aq)":1,"UO2(OH)3-":1,"UO2(OH)4-2":1,"UO2(Ox)2-2":1,"UO2(Ox)3-4":1,"UO2(SCN)2(aq)":1,"UO2(SCN)3-":1,"UO2(SO4)2-2":1,"UO2(SO4)3-4":1,"UO2(SeO4)2-2":1,"UO2(am_hyd)":1,"UO2+":1,"UO2+2":1,"UO2CO3(aq)":1,"UO2CO3(cr)":1,"UO2CO3F-":1,"UO2CO3F2-2":1,"UO2CO3F3-3":1,"UO2Cit-":1,"UO2Cl+":1,"UO2Cl2(aq)":1,"UO2Edta-2":1,"UO2F+":1,"UO2F2(aq)":1,"UO2F3-":1,"UO2F4-2":1,"UO2H2AsO4+":1,"UO2H2PO4+":1,"UO2H3PO4+2":1,"UO2HAsO4(aq)":1,"UO2HAsO4w4(cr)":1,"UO2HPO4(aq)":1,"UO2HPO4w4(cr)":1,"UO2HSeO3+":1,"UO2IO3+":1,"UO2NO3+":1,"UO2OH+":1,"UO2Ox(aq)":1,"UO2Oxw3(cr)":1,"UO2PO4-":1,"UO2SCN+":1,"UO2SO4(aq)":1,"UO2SeO4(aq)":1,"UO2SiO(OH)3+":1,"UO3w2(cr)":1,"UOH+3":1,"UOx+2":1,"USCN+3":1,"USO4+2":1,"USiO4(cr)":1,"Vermiculite(Ca)":1,"Vermiculite(K)":1,"Vermiculite(Mg)":1,"Vermiculite(Na)":1,"Vermiculite_SO":1,"Zn(CO3)2-2":1,"Zn(H2PO4)(HPO4)-":1,"Zn(H2PO4)2(aq)":1,"Zn(HPO4)(PO4)-3":1,"Zn(HPO4)2-2":1,"Zn(HPO4)3-4":1,"Zn(HS)2(aq)":1,"Zn(HS)3-":1,"Zn(OH)2(aq)":1,"Zn(OH)2(s)":1,"Zn(OH)2HPO4-2":1,"Zn(OH)3-":1,"Zn(OH)4-2":1,"Zn(SO4)2-2":1,"Zn+2":1,"Zn2CO3+2":1,"Zn2OH+3":1,"Zn3(PO4)2w4(s)":1,"Zn5(OH)6(CO3)2(s)":1,"ZnCO3(aq)":1,"ZnCO3(s)":1,"ZnCl+":1,"ZnCl2(aq)":1,"ZnCl3-":1,"ZnCl4-2":1,"ZnH2PO4+":1,"ZnHCO3+":1,"ZnHPO4(aq)":1,"ZnO(cr)":1,"ZnOH+":1,"ZnS(HS)-":1,"ZnS(cr)":1,"ZnSO4(aq)":1,"Zn[(UO2)(AsO4)]2w8(cr)":1,"Zn[(UO2)(PO4)]2w8(cr)":1,"Zr(CO3)4-4":1,"Zr(HPO4)2w(cr)":1,"Zr(NO3)2+2":1,"Zr(OH)2+2":1,"Zr(OH)4(am_fr)":1,"Zr(OH)4(aq)":1,"Zr(OH)6-2":1,"Zr(SO4)2(aq)":1,"Zr(SO4)3-2":1,"Zr+4":1,"Zr3(OH)4+8":1,"Zr3(OH)9+3":1,"Zr4(OH)15+":1,"Zr4(OH)16(aq)":1,"Zr4(OH)8+8":1,"ZrCl+3":1,"ZrCl2+2":1,"ZrF+3":1,"ZrF2+2":1,"ZrF3+":1,"ZrF4(aq)":1,"ZrF5-":1,"ZrF6-2":1,"ZrNO3+3":1,"ZrO2(cr)":1,"ZrOH+3":1,"ZrSO4+2":1,"e-":1},"reactionsets_map":{},"sourcetdbs":{"1001":"WORK1"},"elements":[],"limitsTP":{"range":false,"lowerP":0.1,"lowerT":273.15,"upperP":1000000,"upperT":298.15},"comment":"Version 1-12-2020 no calculations","time_stamp":{"year":2020,"month":12,"day":7,"hour":14,"minute":1,"second":21}}}
]