{
     "block" :   {
          "defaults" :   {
               "properties.sourcetdb" :   "16"
          },
          "pairs" :   {

          },
          "matches" :   {
               "element" :   {
                    "field" :   "properties.symbol",
                    "ignore" :   false,
                    "script" :   "",
                    "convert" :   {

                    }
               },
               "species" :   {
                    "field" :   "properties.name",
                    "ignore" :   false,
                    "script" :   "",
                    "convert" :   {

                    }
               }
          },
          "script" :   "name =   rintable.properties.symbol\nsymbol =  rintable.properties.name\nist = string.match(name, \'%(([^%)]+)%)\')  \nif ist then  subname = string.match(name, \'(%a%a?)\')\n             formula = string.gsub(symbol, \'(\'..subname..\')\',  subname..\'|\'..ist..\'|\' )\n       else  formula = symbol end\ncharge = string.match(symbol, \'(%+%d?)$\')\nif charge  then\n       if charge == \'+\'  then charge = 1 end\n  else  \n        charge = string.match(symbol, \'(%-%d?)$\') \n        if charge then\n          if charge == \'-\'  then charge = -1 end\n        else      \n           charge = 0\n        end   \n  end    \n  rintable.properties.formula = formula;\n  rintable.properties.formula_charge = charge"
     },
     "format" :   {
          "Nhcols" :   6,
          "Nhrows" :   0,
          "headers" :   [
               "element",
               "species",
               "alk",
               "gfw_formula",
               "element_gfw",
               "atomic"
          ],
          "rowend" :   "\n",
          "colends" :   " \t",
          "usequotes" :   false,
          "usemore" :   true,
          "comment_regexp" :   "#.*",
          "colsizes" :   [

          ],
          "value_regexp" :   [

          ]
     },
     "renderer" :   "",
     "label" :   "VertexSubstance",
     "separators" :   {
          "v_sep" :   "",
          "l_sep" :   "",
          "r_sep" :   "",
          "c_head" :   "",
          "c_end" :   "",
          "eod" :   "",
          "encoding" :   "",
          "str_delim" :   "",
          "bod" :   ""
     },
     "comment" :   "",
     "fname" :   "",
     "Nblocks" :   0,
     "Nlines" :   0
}
