{
     "block" :   {
          "defaults" :   {
               "properties.sourcetdb" :   "16"
          },
          "pairs" :   {
               "gamma" :   {
                    "datatype" :   "string",
                    "organization" :   "list"
               },
               "analytical_expression" :   {
                    "datatype" :   "string",
                    "organization" :   "list"
               }
          },
          "matches" :   {
               "head2" :   {
                    "field" :   "properties.formula",
                    "ignore" :   false,
                    "script" :   "",
                    "convert" :   {

                    }
               },
               "head0" :   {
                    "field" :   "properties.name",
                    "ignore" :   false,
                    "script" :   "",
                    "convert" :   {

                    }
               },
               "gamma" :   {
                    "field" :   "properties.eos_hkf_coeffs.values",
                    "ignore" :   false,
                    "script" :   "",
                    "convert" :   {

                    }
               },
               "analytical_expression" :   {
                    "field" :   "properties.eos_ad_coeffs.values",
                    "ignore" :   false,
                    "script" :   "",
                    "convert" :   {

                    }
               },
               "log_K" :   {
                    "field" :   "properties.sm_enthalpy.values",
                    "ignore" :   false,
                    "script" :   "",
                    "convert" :   {

                    }
               }
          },
          "script" :   "rintable.properties.symbol = string.match(rintable.properties.formula, \'%s*([^%s]*)\');\n          rintable.properties.formula = rintable.properties.symbol "
     },
     "format" :   {
          "head_regexp" :   "(([\\w\\t \\+\\-\\(\\):\\.]*)\\s*=\\s*([^;]*))",
          "end_regexp" :   "",
          "key_regexp" :   "\\s*;\\s*\\-{0,1}([a-zA-Z]\\w*)\\s*",
          "value_regexp" :   "\\s*([^;\\n]*)",
          "value_next" :   "",
          "value_token_regexp" :   "\\s+",
          "comment_regexp" :   "#([^\\n]*)\\n*",
          "Ndata" :   0
     },
     "renderer" :   " ",
     "label" :   "VertexSubstance",
     "separators" :   {
          "v_sep" :   "",
          "l_sep" :   "",
          "r_sep" :   "",
          "c_head" :   "",
          "c_end" :   "",
          "eod" :   "",
          "encoding" :   "",
          "str_delim" :   "",
          "bod" :   ""
     },
     "comment" :   "",
     "fname" :   "",
     "Nblocks" :   0,
     "Nlines" :   0
}
