{
     "block" :   {
          "defaults" :   {
               "alk" :   "0.0"
          },
          "pairs" :   {

          },
          "matches" :   {
               "element" :   {
                    "field" :   "properties.symbol",
                    "ignore" :   false,
                    "script" :   "",
                    "convert" :   {

                    }
               },
               "species" :   {
                    "field" :   "properties.formula",
                    "ignore" :   false,
                    "script" :   "",
                    "convert" :   {

                    }
               },
               "gfw_formula" :   {
                    "field" :   "properties.name",
                    "ignore" :   false,
                    "script" :   "",
                    "convert" :   {

                    }
               },
               "element_gfw" :   {
                    "field" :   "properties.atomic_mass.values",
                    "ignore" :   false,
                    "script" :   "",
                    "convert" :   {

                    }
               },
               "atomic" :   {
                    "field" :   "properties.number",
                    "ignore" :   false,
                    "script" :   "",
                    "convert" :   {

                    }
               }
          },
          "script" :   " if( rintable.properties.isotope_mass ~= 0 ) \n          then rintable.properties.symbol = rintable.properties.symbol..\'(\'..rintable.properties.isotope_mass..\')\' end"
     },
     "format" :   {
          "Nhcols" :   6,
          "Nhrows" :   0,
          "headers" :   [
               "element",
               "species",
               "alk",
               "gfw_formula",
               "element_gfw",
               "atomic"
          ],
          "rowend" :   "\n",
          "colends" :   "\t",
          "usequotes" :   false,
          "usemore" :   true,
          "comment_regexp" :   "#.*",
          "colsizes" :   [

          ],
          "value_regexp" :   [

          ]
     },
     "renderer" :   "",
     "label" :   "VertexElement",
     "separators" :   {
          "v_sep" :   "",
          "l_sep" :   "",
          "r_sep" :   "",
          "c_head" :   "",
          "c_end" :   "",
          "eod" :   "",
          "encoding" :   "",
          "str_delim" :   "",
          "bod" :   ""
     },
     "comment" :   "",
     "fname" :   "",
     "Nblocks" :   0,
     "Nlines" :   0,
     "direction" :   1
}
