{
     "block" :   {
          "defaults" :   {

          },
          "pairs" :   {
               "delta_h" :   {
                    "datatype" :   "string",
                    "organization" :   "group"
               },
               "Vm" :   {
                    "datatype" :   "string",
                    "organization" :   "group"
               },
               "analytical" :   {
                    "datatype" :   "string",
                    "organization" :   "list"
               },
               "analytic" :   {
                    "datatype" :   "string",
                    "organization" :   "list"
               },
               "analytical_expression" :   {
                    "datatype" :   "string",
                    "organization" :   "list"
               }
          },
          "matches" :   {
               "head1" :   {
                    "field" :   "properties.equation",
                    "ignore" :   false,
                    "script" :   "",
                    "convert" :   {

                    }
               },
               "head2" :   {
                    "field" :   "properties.name",
                    "ignore" :   false,
                    "script" :   "",
                    "convert" :   {

                    }
               },
               "analytical_expression" :   {
                    "field" :   "properties.logk_ft_coeffs.values",
                    "ignore" :   false,
                    "script" :   "",
                    "convert" :   {

                    }
               },
               "log_K" :   {
                    "field" :   "properties.logKr.values",
                    "ignore" :   false,
                    "script" :   "",
                    "convert" :   {

                    }
               },
               "Vm" :   {
                    "field" :   "properties.dr_volume_pt_coeffs.values",
                    "ignore" :   false,
                    "script" :   "",
                    "convert" :   {

                    }
               }
          },
          "script" :   ""
     },
     "format" :   {
          "head_regexp" :   "\n%head0\n\t%head1\n",
          "end_regexp" :   "",
          "key_regexp" :   "\t-%key\t",
          "value_regexp" :   "%value",
          "value_next" :   "\n",
          "value_token_regexp" :   " ",
          "comment_regexp" :   "#",
          "Ndata" :   0
     },
     "renderer" :   " ",
     "label" :   "VertexReaction",
     "separators" :   {
          "v_sep" :   "",
          "l_sep" :   "",
          "r_sep" :   "",
          "c_head" :   "",
          "c_end" :   "",
          "eod" :   "",
          "encoding" :   "",
          "str_delim" :   "",
          "bod" :   ""
     },
     "comment" :   "",
     "fname" :   "",
     "Nblocks" :   0,
     "Nlines" :   0,
     "direction" :   1
}
