{
     "jsonio" :   {
          "UseArangoDBInstance" :   "ArangoDBLocal",
          "UseVelocypackPut" :   true,
          "UseVelocypackGet" :   true,
          "ArangoDBLocal" :   {
               "DBName" :   "TDB2020_test_2020_08_11",
               "DBCreate" :   true,
               "DB_URL" :   "http://localhost:8529",
               "DBUser" :   "root",
               "DBUserPassword" :   "",
               "DBAccess" :   "rw",
               "DBRootName" :   "_system",
               "DBRootUser" :   "root",
               "DBRootPassword" :   ""
          },
          "ArangoDBRemote" :   {
               "DBName" :   "hub_main",
               "DBCreate" :   false,
               "DB_URL" :   "https://db.thermohub.net",
               "DBUser" :   "matchrem",
               "DBUserPassword" :   "ThermoMatch@Remote-ThermoHub-Server",
               "DBAccess" :   "rw",
               "DBRootName" :   "_system",
               "DBRootUser" :   "",
               "DBRootPassword" :   ""
          }
     },
     "jsonimpex" :   {
          "ImpexScriptsDirectory" :   "Resources/data/impex",
          "ImpexScriptsInDB" :   true,
          "ThriftDBSocketHost" :   "localhost",
          "ThriftDBSocketPort" :   9090
     },
     "jsonui" :   {
          "CurrentDBConnection" :   "ArangoDBLocal",
          "ViewOnlyMode" :   false,
          "CanEdit_id" :   false,
          "KeepExpanded" :   true,
          "ShowComments" :   true,
          "ShowEnumNames" :   true,
          "CanEditDocPages" :   false
     },
     "common" :   {
          "UserHomeDirectoryPath" :   "~",
          "WorkDirectoryPath" :   "/home/thoenen/gitTHERMOMATCH/build/debug",
          "ResourcesDirectory" :   "/home/thoenen/gitTHERMOMATCH/build/debug/Resources",
          "SchemasDirectory" :   "/home/thoenen/gitTHERMOMATCH/build/debug/Resources/data/schemas",
          "LuaScriptsDirectory" :   "Resources/lua"
     },
     "ThermoMatch" :   {
          "ReacDCImport" :   {
               "ReactionFormatStructData" :   "",
               "ReactionDependentSubstanceFormatStructData" :   "",
               "ReactionEdgesFormatStructData" :   "",
               "InputFilePath" :   "",
               "ImportFormatOverwrite" :   true,
               "ImportFormatUseDB" :   false
          },
          "TheredaImport" :   {
               "ReactionFormatStructData" :   "",
               "MasterSubstanceFormatStructData" :   "",
               "ProductSubstanceFormatStructData" :   "",
               "ElementFormatStructData" :   "",
               "PhaseFormatStructData" :   "",
               "ReactionEdgesFormatStructData" :   "",
               "InputFilePath" :   ".",
               "ImportFormatOverwrite" :   false,
               "ImportFormatUseDB" :   false
          },
          "PhreeqcImport" :   {

          },
          "ImportTableData" :   {
               "ImpexDirection" :   false,
               "ImpexReactionSetName" :   "",
               "InputOutputFilePath" :   "/home/thoenen/gitTHERMOMATCH/build/debug/Resources/files/PSI2020/TDB_2020_import_testfiles_2020_08_03/SIT.Zn.csv",
               "ImpexFormatOverwrite" :   true,
               "ImpexFormatUseDB" :   false,
               "InputFileBlockSplit" :   true,
               "ImpexRowCount" :   4,
               "ImpexRows" :   {
                    "row0" :   {
                         "ImpexBlockOrFileName" :   "SIT",
                         "ImpexVertexName" :   "VertexPhase",
                         "ImpexFormatFile" :   "FormatTableFile",
                         "ImpexFormatScript" :   "/home/dmiron/gitTHERMOMATCH/thermomatch/Resources/files/PSI2020/SIT/phase_sit.FormatTableFile.json",
                         "ImpexCondition" :   "records"
                    },
                    "row1" :   {
                         "ImpexBlockOrFileName" :   "SIT",
                         "ImpexVertexName" :   "VertexMixingModel",
                         "ImpexFormatFile" :   "FormatTableFile",
                         "ImpexFormatScript" :   "/home/dmiron/gitTHERMOMATCH/thermomatch/Resources/files/PSI2020/SIT/mixmod_sit.FormatTableFile.json",
                         "ImpexCondition" :   "records"
                    },
                    "row2" :   {
                         "ImpexBlockOrFileName" :   "SIT",
                         "ImpexVertexName" :   "VertexInteraction",
                         "ImpexFormatFile" :   "FormatTableFile",
                         "ImpexFormatScript" :   "/home/dmiron/gitTHERMOMATCH/thermomatch/Resources/files/PSI2020/SIT/int_Na.FormatTableFile.json",
                         "ImpexCondition" :   "records_and_links"
                    },
                    "row3" :   {
                         "ImpexBlockOrFileName" :   "SIT",
                         "ImpexVertexName" :   "VertexInteraction",
                         "ImpexFormatFile" :   "FormatTableFile",
                         "ImpexFormatScript" :   "/home/dmiron/gitTHERMOMATCH/thermomatch/Resources/files/PSI2020/SIT/int_Cl.FormatTableFile.json",
                         "ImpexCondition" :   "records_and_links"
                    }
               }
          }
     }
}
