{
     "block" :   {
          "defaults" :   {
               "properties.sourcetdb" :   "16"
          },
          "pairs" :   {
               "gamma" :   {
                    "datatype" :   "string",
                    "organization" :   "list"
               }
          },
          "matches" :   {
               "head0" :   {
                    "field" :   "properties.symbol",
                    "ignore" :   false,
                    "script" :   "",
                    "convert" :   {

                    }
               },
               "head1" :   {
                    "field" :   "properties.comment",
                    "ignore" :   false,
                    "script" :   "",
                    "convert" :   {

                    }
               },
               "head2" :   {
                    "field" :   "properties.name",
                    "ignore" :   false,
                    "script" :   "",
                    "convert" :   {

                    }
               },
               "gamma" :   {
                    "field" :   "properties.eos_ad_coeffs.values",
                    "ignore" :   false,
                    "script" :   "",
                    "convert" :   {

                    }
               }
          },
          "script" :   "rintable.properties.symbol = string.match(rintable.properties.symbol, \'%s*([^%s]*)\');\n
          rintable.properties.name = string.match(rintable.properties.name, \'%s*([^%s]*)\');\n 
          rintable.properties.formula = string.gsub( rintable.properties.name, ':([%d%.]*)([^:%s]*)',  '(%2)%1' ); "
     },
     "format" :   {
          "head_regexp" :   "\\s*([^\\s]+)\\s*;\\s*(([\\w\\t \\+\\-\\(\\):\\.]+)\\s*=\\s*([^;]+))",
          "end_regexp" :   "",
          "key_regexp" :   "\\s*;\\s*\\-{0,1}([a-zA-Z]\\w*)\\s*",
          "value_regexp" :   "\\s*([^#\\n;]*)",
          "value_next" :   "",
          "value_token_regexp" :   "\\s+",
          "comment_regexp" :   "#([^\\n]*)\\n*",
          "Ndata" :   0
     },
     "renderer" :   " ",
     "label" :   "VertexSubstance",
     "separators" :   {
          "v_sep" :   "",
          "l_sep" :   "",
          "r_sep" :   "",
          "c_head" :   "",
          "c_end" :   "",
          "eod" :   "",
          "encoding" :   "",
          "str_delim" :   "",
          "bod" :   ""
     },
     "comment" :   "",
     "fname" :   "",
     "Nblocks" :   0,
     "Nlines" :   0
}
