{
     "block" :   {
          "defaults" :   {
               "properties.sourcetdb" :   "16",
"properties.reactyp" :   "1",
"properties.method_genEoS" : "102",
"properties.method_corrT" : "208",
"properties.method_corrP" : "305"
          },
          "pairs" :   {
               "analytical_expression" :   {
                    "datatype" :   "string",
                    "organization" :   "list"
               }
          },
          "matches" :   {
               "head2" :   {
                    "field" :   "properties.name",
                    "ignore" :   false,
                    "script" :   "",
                    "convert" :   {

                    }
               },
               "head0" :   {
                    "field" :   "properties.equation",
                    "ignore" :   false,
                    "script" :   "",
                    "convert" :   {

                    }
               },
               "analytical_expression" :   {
                    "field" :   "properties.logk_ft_coeffs.values",
                    "ignore" :   false,
                    "script" :   "",
                    "convert" :   {

                    }
               },
               "log_K" :   {
                    "field" :   "properties.logKr.values",
                    "ignore" :   false,
                    "script" :   "",
                    "convert" :   {

                    }
               }
          },
          "script" :   "rintable.properties.symbol = string.match(rintable.properties.name, \'%s*([^%s]*)\');\n          rintable.properties.name = rintable.properties.symbol;\n frm = rintable.properties.equation;  frm = string.gsub(frm, '([^=%s])%s+([^=%s])',  '%1 + %2' ); \n rintable.properties.equation = frm;"
     },
     "format" :   {
          "head_regexp" :   "(([\\w\\t \\+\\-\\(\\):\\.]*)\\s*=\\s*([^;]*))",
          "end_regexp" :   "",
          "key_regexp" :   "\\s*;\\s*\\-{0,1}([a-zA-Z]\\w*)\\s*",
          "value_regexp" :   "\\s*([^;\\n]*)",
          "value_next" :   "",
          "value_token_regexp" :   "\\s+",
          "comment_regexp" :   "#([^\\n]*)\\n*",
          "Ndata" :   0
     },
     "renderer" :   " ",
     "label" :   "VertexReaction",
     "separators" :   {
          "v_sep" :   "",
          "l_sep" :   "",
          "r_sep" :   "",
          "c_head" :   "",
          "c_end" :   "",
          "eod" :   "",
          "encoding" :   "",
          "str_delim" :   "",
          "bod" :   ""
     },
     "comment" :   "",
     "fname" :   "",
     "Nblocks" :   0,
     "Nlines" :   0
}
