{
    "block": {
        "defaults": {
            "properties.sourcetdb": "{\"12\" :   \"THEREDA\"}",
            "properties.aggregate_state": "{\"3\" :   \"AS_CRYSTAL\"}",
            "properties.mixmod": "{\"0\" :   \"M_PURE\"}",
            "properties.temp_import": "[\"\", \"\"]"
        },
        "pairs": {},
        "matches": {
            "symbol": {
                "field": "properties.symbol"
            },
            "description": {
                "field": "properties.comment"
            },
            "modification": {
                "field": "properties.temp_import.0"
            },
            "phase": {
                "field": "properties.temp_import.1"
            }
        },
        "script": "if rintable.properties.symbol == 'g' then rintable.properties.mixmod = {} rintable.properties.mixmod['1'] = 'M_IDEAL' rintable.properties.aggregate_state = {} rintable.properties.aggregate_state['0'] =  'AS_GAS' end;
if rintable.properties.temp_import[2] == 'aq' then rintable.properties.symbol = 'aq' end;
if rintable.properties.symbol == 'aq' then rintable.properties.mixmod = {} rintable.properties.mixmod['32'] = 'M_AQPITZERHMW' rintable.properties.aggregate_state = {} rintable.properties.aggregate_state['4'] =  'AS_AQUEOUS' end;
rintable.properties.name = rintable.properties.symbol;
rintable.properties.temp_import[1] = nil; rintable.properties.temp_import[2] = nil;"
    },
    "renderer": "JSON",
    "label": "VertexPhase",
    "comment": "Second test"
}
