{
     "block" :   {
          "defaults" :   {
               "properties.rct" :   "1"
          },
          "pairs" :   {

          },
          "matches" :   {
               "FormingReaction.%.coefficient" :   {
                    "field" :   "properties.stoi_coeff"
               },
               "FormingReaction.%.pcon_reactant" :   {
                    "field" :   "@key"
               }
          },
          "script" :   ""
     },
     "renderer" :   "JSON",
     "label" :   "EdgeTakes",
     "comment" :   "",
     "fname" :   "",
     "Nblocks" :   0,
     "Nlines" :   0
}
